"DisplayName","Name","Action","Direction","Protocol","LocalPorts","ApplicationName"
"Allow WinRM HTTPS","{9AB59264-6384-46A3-A294-E94A7A02F1F5}","Allow","Inbound",,,
"Condivisione file e stampanti (richiesta echo - ICMPv4-In)","{55861538-7243-4C97-B19B-1B1704FA7E30}","Allow","Inbound",,,
"Condivisione file e stampanti (richiesta echo - ICMPv6-In)","{69CF5080-990D-4483-A628-81AF2F829492}","Allow","Inbound",,,
"Funzionalit? di base rete - Annuncio individuazione router adiacenti (ICMPv6-In)","CoreNet-ICMP6-NDA-In","Allow","Inbound",,,
"Funzionalit? di base rete - Annuncio router (ICMPv6-In)","CoreNet-ICMP6-RA-In","Allow","Inbound",,,
"Funzionalit? di base rete - Destinazione non raggiungibile (ICMPv6-In)","CoreNet-ICMP6-DU-In","Allow","Inbound",,,
"Funzionalit? di base rete - Destinazione non raggiungibile, necessaria frammentazione (ICMPv4-In)","CoreNet-ICMP4-DUFRAG-In","Allow","Inbound",,,
"Funzionalit? di base rete - DHCP (Dynamic Host Configuration Protocol) (DHCP-In)","CoreNet-DHCP-In","Allow","Inbound",,,
"Funzionalit? di base rete - Dynamic Host Configuration Protocol per IPv6 (DHCPV6-In)","CoreNet-DHCPV6-In","Allow","Inbound",,,
"Funzionalit? di base rete - IGMP (Internet Group Management Protocol) (IGMP-In)","CoreNet-IGMP-In","Allow","Inbound",,,
"Funzionalit? di base rete - IPHTTPS (TCP-In)","CoreNet-IPHTTPS-In","Allow","Inbound",,,
"Funzionalit? di base rete - IPv6 (IPv6-In)","CoreNet-IPv6-In","Allow","Inbound",,,
"Funzionalit? di base rete - Listener multicast completato (ICMPv6-In)","CoreNet-ICMP6-LD-In","Allow","Inbound",,,
"Funzionalit? di base rete - Pacchetto di dimensioni troppo grandi (ICMPv6-In)","CoreNet-ICMP6-PTB-In","Allow","Inbound",,,
"Funzionalit? di base rete - Problema parametro (ICMPv6-In)","CoreNet-ICMP6-PP-In","Allow","Inbound",,,
"Funzionalit? di base rete - Query listener multicast (ICMPv6-In)","CoreNet-ICMP6-LQ-In","Allow","Inbound",,,
"Funzionalit? di base rete - Report listener multicast (ICMPv6-In)","CoreNet-ICMP6-LR-In","Allow","Inbound",,,
"Funzionalit? di base rete - Report listener multicast v2 (ICMPv6-In)","CoreNet-ICMP6-LR2-In","Allow","Inbound",,,
"Funzionalit? di base rete - Richiesta individuazione router adiacenti (ICMPv6-In)","CoreNet-ICMP6-NDS-In","Allow","Inbound",,,
"Funzionalit? di base rete - Richiesta router (ICMPv6-In)","CoreNet-ICMP6-RS-In","Allow","Inbound",,,
"Funzionalit? di base rete - Tempo scaduto (ICMPv6-In)","CoreNet-ICMP6-TE-In","Allow","Inbound",,,
"Funzionalit? di base rete - Teredo (UDP-In)","CoreNet-Teredo-In","Allow","Inbound",,,
"Gestione remota Windows (HTTP-In)","WINRM-HTTP-In-TCP","Allow","Inbound",,,
"Gestione remota Windows (HTTP-In)","WINRM-HTTP-In-TCP-PUBLIC","Allow","Inbound",,,
"Google Chrome (mDNS-In)","{D7E9F6E3-DA8A-4AC1-AC29-E5E8536A43EA}","Allow","Inbound",,,
"Funzionalit? di base rete - Annuncio individuazione router adiacenti (ICMPv6-Out)","CoreNet-ICMP6-NDA-Out","Allow","Outbound",,,
"Funzionalit? di base rete - Annuncio router (ICMPv6-Out)","CoreNet-ICMP6-RA-Out","Allow","Outbound",,,
"Funzionalit? di base rete - Criteri di gruppo (LSASS-Out)","CoreNet-GP-LSASS-Out-TCP","Allow","Outbound",,,
"Funzionalit? di base rete - Criteri di gruppo (NP-Out)","CoreNet-GP-NP-Out-TCP","Allow","Outbound",,,
"Funzionalit? di base rete - Criteri di gruppo (TCP-Out)","CoreNet-GP-Out-TCP","Allow","Outbound",,,
"Funzionalit? di base rete - DHCP (Dynamic Host Configuration Protocol) (DHCP-Out)","CoreNet-DHCP-Out","Allow","Outbound",,,
"Funzionalit? di base rete - DNS (UDP-Out)","CoreNet-DNS-Out-UDP","Allow","Outbound",,,
"Funzionalit? di base rete - Dynamic Host Configuration Protocol per IPv6 (DHCPV6-Out)","CoreNet-DHCPV6-Out","Allow","Outbound",,,
"Funzionalit? di base rete - IGMP (Internet Group Management Protocol) (IGMP-Out)","CoreNet-IGMP-Out","Allow","Outbound",,,
"Funzionalit? di base rete - IPHTTPS (TCP-Out)","CoreNet-IPHTTPS-Out","Allow","Outbound",,,
"Funzionalit? di base rete - IPv6 (IPv6-Out)","CoreNet-IPv6-Out","Allow","Outbound",,,
"Funzionalit? di base rete - Listener multicast completato (ICMPv6-Out)","CoreNet-ICMP6-LD-Out","Allow","Outbound",,,
"Funzionalit? di base rete - Pacchetto di dimensioni troppo grandi (ICMPv6-Out)","CoreNet-ICMP6-PTB-Out","Allow","Outbound",,,
"Funzionalit? di base rete - Problema parametro (ICMPv6-Out)","CoreNet-ICMP6-PP-Out","Allow","Outbound",,,
"Funzionalit? di base rete - Query listener multicast (ICMPv6-Out)","CoreNet-ICMP6-LQ-Out","Allow","Outbound",,,
"Funzionalit? di base rete - Report listener multicast (ICMPv6-Out)","CoreNet-ICMP6-LR-Out","Allow","Outbound",,,
"Funzionalit? di base rete - Report listener multicast v2 (ICMPv6-Out)","CoreNet-ICMP6-LR2-Out","Allow","Outbound",,,
"Funzionalit? di base rete - Richiesta individuazione router adiacenti (ICMPv6-Out)","CoreNet-ICMP6-NDS-Out","Allow","Outbound",,,
"Funzionalit? di base rete - Richiesta router (ICMPv6-Out)","CoreNet-ICMP6-RS-Out","Allow","Outbound",,,
"Funzionalit? di base rete - Tempo scaduto (ICMPv6-Out)","CoreNet-ICMP6-TE-Out","Allow","Outbound",,,
"Funzionalit? di base rete - Teredo (UDP-Out)","CoreNet-Teredo-Out","Allow","Outbound",,,
