"Name","Status"
"AeLookupSvc","Running"
"ALG","Stopped"
"AppIDSvc","Stopped"
"Appinfo","Running"
"AppMgmt","Stopped"
"AppReadiness","Stopped"
"AppXSvc","Stopped"
"AudioEndpointBuilder","Stopped"
"Audiosrv","Stopped"
"BFE","Running"
"BITS","Running"
"BrokerInfrastructure","Running"
"Browser","Stopped"
"CertPropSvc","Running"
"COMSysApp","Stopped"
"CryptSvc","Running"
"DcomLaunch","Running"
"defragsvc","Running"
"DeviceAssociationService","Stopped"
"DeviceInstall","Stopped"
"Dhcp","Running"
"Dnscache","Running"
"dot3svc","Stopped"
"DPS","Running"
"DsmSvc","Stopped"
"Eaphost","Stopped"
"EFS","Stopped"
"EventLog","Running"
"EventSystem","Running"
"fdPHost","Stopped"
"FDResPub","Stopped"
"FontCache","Running"
"GoogleChromeElevationService","Stopped"
"gpsvc","Running"
"gupdate","Stopped"
"gupdatem","Stopped"
"hidserv","Stopped"
"hkmsvc","Stopped"
"IEEtwCollectorService","Stopped"
"IKEEXT","Stopped"
"iphlpsvc","Running"
"KeyIso","Running"
"KPSSVC","Stopped"
"KtmRm","Stopped"
"LanmanServer","Running"
"LanmanWorkstation","Running"
"lltdsvc","Stopped"
"lmhosts","Running"
"LSM","Running"
"MMCSS","Stopped"
"MpsSvc","Running"
"MSDTC","Running"
"MSiSCSI","Stopped"
"msiserver","Running"
"napagent","Stopped"
"NcaSvc","Stopped"
"Netlogon","Stopped"
"Netman","Stopped"
"netprofm","Running"
"NetTcpPortSharing","Stopped"
"NlaSvc","Running"
"nsi","Running"
"onecontext","Running"
"PerfHost","Stopped"
"pla","Stopped"
"PlugPlay","Running"
"PolicyAgent","Running"
"Power","Running"
"PrintNotify","Stopped"
"ProfSvc","Running"
"RasAuto","Stopped"
"RasMan","Stopped"
"RemoteAccess","Stopped"
"RemoteRegistry","Stopped"
"RpcEptMapper","Running"
"RpcLocator","Stopped"
"RpcSs","Running"
"RSoPProv","Stopped"
"sacsvr","Stopped"
"SamSs","Running"
"SCardSvr","Stopped"
"ScDeviceEnum","Stopped"
"Schedule","Running"
"SCPolicySvc","Stopped"
"seclogon","Stopped"
"SENS","Running"
"SessionEnv","Running"
"SharedAccess","Stopped"
"ShellHWDetection","Running"
"smphost","Stopped"
"SNMPTRAP","Stopped"
"Spooler","Running"
"sppsvc","Running"
"SSDPSRV","Stopped"
"SstpSvc","Stopped"
"svsvc","Stopped"
"swprv","Stopped"
"SysMain","Stopped"
"SystemEventsBroker","Running"
"TapiSrv","Stopped"
"TermService","Running"
"Themes","Running"
"THREADORDER","Stopped"
"TieringEngineService","Stopped"
"TrkWks","Running"
"TrustedInstaller","Running"
"UALSVC","Running"
"UI0Detect","Stopped"
"UmRdpService","Running"
"upnphost","Stopped"
"VaultSvc","Stopped"
"vds","Running"
"vmicguestinterface","Stopped"
"vmicheartbeat","Stopped"
"vmickvpexchange","Stopped"
"vmicrdv","Stopped"
"vmicshutdown","Stopped"
"vmictimesync","Stopped"
"vmicvss","Stopped"
"VSS","Stopped"
"W32Time","Running"
"Wcmsvc","Running"
"WcsPlugInService","Stopped"
"WdiServiceHost","Stopped"
"WdiSystemHost","Stopped"
"Wecsvc","Stopped"
"WEPHOSTSVC","Stopped"
"wercplsupport","Stopped"
"WerSvc","Stopped"
"WinHttpAutoProxySvc","Running"
"Winmgmt","Running"
"WinRM","Running"
"WLMS","Running"
"wmiApSrv","Stopped"
"WPDBusEnum","Stopped"
"WSService","Stopped"
"wuauserv","Stopped"
"wudfsvc","Stopped"
