"DisplayName","Name","Action","Direction","Protocol","LocalPorts","ApplicationName"
"AllJoyn Router (TCP-In)","AllJoyn-Router-In-TCP","Allow","Inbound",,,
"AllJoyn Router (UDP-In)","AllJoyn-Router-In-UDP","Allow","Inbound",,,
"Allow WinRM HTTPS","{5A8D48A4-F4EE-43A0-905A-43B47EB9BCF9}","Allow","Inbound",,,
"Cast to Device functionality (qWave-TCP-In)","PlayTo-QWave-In-TCP-PlayToScope","Allow","Inbound",,,
"Cast to Device functionality (qWave-UDP-In)","PlayTo-QWave-In-UDP-PlayToScope","Allow","Inbound",,,
"Cast to Device SSDP Discovery (UDP-In)","PlayTo-SSDP-Discovery-PlayToScope","Allow","Inbound",,,
"Cast to Device streaming server (HTTP-Streaming-In)","PlayTo-HTTPSTR-In-TCP-PlayToScope","Allow","Inbound",,,
"Cast to Device streaming server (HTTP-Streaming-In)","PlayTo-HTTPSTR-In-TCP-LocalSubnetScope","Allow","Inbound",,,
"Cast to Device streaming server (HTTP-Streaming-In)","PlayTo-HTTPSTR-In-TCP-NoScope","Allow","Inbound",,,
"Cast to Device streaming server (RTCP-Streaming-In)","PlayTo-In-UDP-LocalSubnetScope","Allow","Inbound",,,
"Cast to Device streaming server (RTCP-Streaming-In)","PlayTo-In-UDP-NoScope","Allow","Inbound",,,
"Cast to Device streaming server (RTCP-Streaming-In)","PlayTo-In-UDP-PlayToScope","Allow","Inbound",,,
"Cast to Device streaming server (RTSP-Streaming-In)","PlayTo-In-RTSP-PlayToScope","Allow","Inbound",,,
"Cast to Device streaming server (RTSP-Streaming-In)","PlayTo-In-RTSP-NoScope","Allow","Inbound",,,
"Cast to Device streaming server (RTSP-Streaming-In)","PlayTo-In-RTSP-LocalSubnetScope","Allow","Inbound",,,
"Cast to Device UPnP Events (TCP-In)","PlayTo-UPnP-Events-PlayToScope","Allow","Inbound",,,
"Connected Devices Platform - Wi-Fi Direct Transport (TCP-In)","CDPSvc-WFD-In-TCP","Allow","Inbound",,,
"Connected Devices Platform (TCP-In)","CDPSvc-In-TCP","Allow","Inbound",,,
"Connected Devices Platform (UDP-In)","CDPSvc-In-UDP","Allow","Inbound",,,
"Core Networking - Destination Unreachable (ICMPv6-In)","CoreNet-ICMP6-DU-In","Allow","Inbound",,,
"Core Networking - Destination Unreachable Fragmentation Needed (ICMPv4-In)","CoreNet-ICMP4-DUFRAG-In","Allow","Inbound",,,
"Core Networking - Dynamic Host Configuration Protocol (DHCP-In)","CoreNet-DHCP-In","Allow","Inbound",,,
"Core Networking - Dynamic Host Configuration Protocol for IPv6(DHCPV6-In)","CoreNet-DHCPV6-In","Allow","Inbound",,,
"Core Networking - Internet Group Management Protocol (IGMP-In)","CoreNet-IGMP-In","Allow","Inbound",,,
"Core Networking - IPHTTPS (TCP-In)","CoreNet-IPHTTPS-In","Allow","Inbound",,,
"Core Networking - IPv6 (IPv6-In)","CoreNet-IPv6-In","Allow","Inbound",,,
"Core Networking - Multicast Listener Done (ICMPv6-In)","CoreNet-ICMP6-LD-In","Allow","Inbound",,,
"Core Networking - Multicast Listener Query (ICMPv6-In)","CoreNet-ICMP6-LQ-In","Allow","Inbound",,,
"Core Networking - Multicast Listener Report (ICMPv6-In)","CoreNet-ICMP6-LR-In","Allow","Inbound",,,
"Core Networking - Multicast Listener Report v2 (ICMPv6-In)","CoreNet-ICMP6-LR2-In","Allow","Inbound",,,
"Core Networking - Neighbor Discovery Advertisement (ICMPv6-In)","CoreNet-ICMP6-NDA-In","Allow","Inbound",,,
"Core Networking - Neighbor Discovery Solicitation (ICMPv6-In)","CoreNet-ICMP6-NDS-In","Allow","Inbound",,,
"Core Networking - Packet Too Big (ICMPv6-In)","CoreNet-ICMP6-PTB-In","Allow","Inbound",,,
"Core Networking - Parameter Problem (ICMPv6-In)","CoreNet-ICMP6-PP-In","Allow","Inbound",,,
"Core Networking - Router Advertisement (ICMPv6-In)","CoreNet-ICMP6-RA-In","Allow","Inbound",,,
"Core Networking - Router Solicitation (ICMPv6-In)","CoreNet-ICMP6-RS-In","Allow","Inbound",,,
"Core Networking - Teredo (UDP-In)","CoreNet-Teredo-In","Allow","Inbound",,,
"Core Networking - Time Exceeded (ICMPv6-In)","CoreNet-ICMP6-TE-In","Allow","Inbound",,,
"Cortana","{390177DE-9E6E-4383-B123-EBC7385951F1}","Allow","Inbound",,,
"Delivery Optimization (TCP-In)","DeliveryOptimization-TCP-In","Allow","Inbound",,,
"Delivery Optimization (UDP-In)","DeliveryOptimization-UDP-In","Allow","Inbound",,,
"Desktop App Web Viewer","{0C5A5BC8-8572-4EE0-B677-0EFE153E9303}","Allow","Inbound",,,
"DIAL protocol server (HTTP-In)","DIAL-Protocol-Server-HTTPSTR-In-TCP-LocalSubnetScope","Allow","Inbound",,,
"DIAL protocol server (HTTP-In)","DIAL-Protocol-Server-In-TCP-NoScope","Allow","Inbound",,,
"Google Chrome (mDNS-In)","{16F3205D-2587-4335-8657-BA3DECD6FCB4}","Allow","Inbound",,,
"mDNS (UDP-In)","MDNS-In-UDP-Private-Active","Allow","Inbound",,,
"mDNS (UDP-In)","MDNS-In-UDP-Public-Active","Allow","Inbound",,,
"mDNS (UDP-In)","MDNS-In-UDP-Domain-Active","Allow","Inbound",,,
"Network Discovery (LLMNR-UDP-In)","NETDIS-LLMNR-In-UDP-Active","Allow","Inbound",,,
"Network Discovery (NB-Datagram-In)","NETDIS-NB_Datagram-In-UDP-Active","Allow","Inbound",,,
"Network Discovery (NB-Name-In)","NETDIS-NB_Name-In-UDP-Active","Allow","Inbound",,,
"Network Discovery (Pub-WSD-In)","NETDIS-FDRESPUB-WSD-In-UDP-Active","Allow","Inbound",,,
"Network Discovery (SSDP-In)","NETDIS-SSDPSrv-In-UDP-Active","Allow","Inbound",,,
"Network Discovery (UPnP-In)","NETDIS-UPnPHost-In-TCP-Active","Allow","Inbound",,,
"Network Discovery (WSD Events-In)","NETDIS-WSDEVNT-In-TCP-Active","Allow","Inbound",,,
"Network Discovery (WSD EventsSecure-In)","NETDIS-WSDEVNTS-In-TCP-Active","Allow","Inbound",,,
"Network Discovery (WSD-In)","NETDIS-FDPHOST-In-UDP-Active","Allow","Inbound",,,
"Network Discovery (WSD-In)","NETDIS-DAS-In-UDP-Active","Allow","Inbound",,,
"Network Discovery for Teredo (SSDP-In)","NETDIS-SSDPSrv-In-UDP-Teredo","Allow","Inbound",,,
"Network Discovery for Teredo (UPnP-In)","NETDIS-UPnPHost-In-TCP-Teredo","Allow","Inbound",,,
"Networking - Echo Request (ICMPv4-In)","{8D013B10-FBDC-4599-B13F-FC6645705F1F}","Allow","Inbound",,,
"Networking - Echo Request (ICMPv6-In)","{F16EC2B3-01AE-4FE1-87C9-C5873257F59D}","Allow","Inbound",,,
"Proximity sharing over TCP (TCP sharing-In)","ProximityUxHost-Sharing-In-TCP-NoScope","Allow","Inbound",,,
"Remote Assistance (DCOM-In)","RemoteAssistance-DCOM-In-TCP-NoScope-Active","Allow","Inbound",,,
"Remote Assistance (PNRP-In)","RemoteAssistance-PnrpSvc-UDP-In-EdgeScope-Active","Allow","Inbound",,,
"Remote Assistance (RA Server TCP-In)","RemoteAssistance-RAServer-In-TCP-NoScope-Active","Allow","Inbound",,,
"Remote Assistance (SSDP TCP-In)","RemoteAssistance-SSDPSrv-In-TCP-Active","Allow","Inbound",,,
"Remote Assistance (SSDP UDP-In)","RemoteAssistance-SSDPSrv-In-UDP-Active","Allow","Inbound",,,
"Remote Assistance (TCP-In)","RemoteAssistance-In-TCP-EdgeScope-Active","Allow","Inbound",,,
"Remote Desktop - Shadow (TCP-In)","RemoteDesktop-Shadow-In-TCP","Allow","Inbound",,,
"Remote Desktop - User Mode (TCP-In)","RemoteDesktop-UserMode-In-TCP","Allow","Inbound",,,
"Remote Desktop - User Mode (UDP-In)","RemoteDesktop-UserMode-In-UDP","Allow","Inbound",,,
"WFD ASP Coordination Protocol (UDP-In)","Microsoft-Windows-WLANSvc-ASP-CP-In","Allow","Inbound",,,
"WFD Driver-only (TCP-In)","WiFiDirect-KM-Driver-In-TCP","Allow","Inbound",,,
"WFD Driver-only (UDP-In)","WiFiDirect-KM-Driver-In-UDP","Allow","Inbound",,,
"Wi-Fi Direct Network Discovery (In)","WFDPRINT-DAFWSD-In-Active","Allow","Inbound",,,
"Wi-Fi Direct Scan Service Use (In)","WFDPRINT-SCAN-In-Active","Allow","Inbound",,,
"Wi-Fi Direct Spooler Use (In)","WFDPRINT-SPOOL-In-Active","Allow","Inbound",,,
"Wireless Display (TCP-In)","WirelessDisplay-In-TCP","Allow","Inbound",,,
"Wireless Display Infrastructure Back Channel (TCP-In)","WirelessDisplay-Infra-In-TCP","Allow","Inbound",,,
"Work or school account","{67F6D647-02E9-45E1-B666-7680E7078B52}","Allow","Inbound",,,
"Your account","{CECEA9DA-EFD3-4FDD-B4B3-0BB7DFA11DE0}","Allow","Inbound",,,
"Your account","{4AAEEFF2-F3D3-45CF-88F7-CABF6AB34342}","Allow","Inbound",,,
"AllJoyn Router (TCP-Out)","AllJoyn-Router-Out-TCP","Allow","Outbound",,,
"AllJoyn Router (UDP-Out)","AllJoyn-Router-Out-UDP","Allow","Outbound",,,
"Captive Portal Flow","{4A2986F2-AE37-4440-B9BD-0030447CF84B}","Allow","Outbound",,,
"Cast to Device functionality (qWave-TCP-Out)","PlayTo-QWave-Out-TCP-PlayToScope","Allow","Outbound",,,
"Cast to Device functionality (qWave-UDP-Out)","PlayTo-QWave-Out-UDP-PlayToScope","Allow","Outbound",,,
"Cast to Device streaming server (RTP-Streaming-Out)","PlayTo-Out-UDP-PlayToScope","Allow","Outbound",,,
"Cast to Device streaming server (RTP-Streaming-Out)","PlayTo-Out-UDP-NoScope","Allow","Outbound",,,
"Cast to Device streaming server (RTP-Streaming-Out)","PlayTo-Out-UDP-LocalSubnetScope","Allow","Outbound",,,
"Connected Devices Platform - Wi-Fi Direct Transport (TCP-Out)","CDPSvc-WFD-Out-TCP","Allow","Outbound",,,
"Connected Devices Platform (TCP-Out)","CDPSvc-Out-TCP","Allow","Outbound",,,
"Connected Devices Platform (UDP-Out)","CDPSvc-Out-UDP","Allow","Outbound",,,
"Connected User Experiences and Telemetry","Microsoft-Windows-Unified-Telemetry-Client","Allow","Outbound",,,
"Core Networking - DNS (UDP-Out)","CoreNet-DNS-Out-UDP","Allow","Outbound",,,
"Core Networking - Dynamic Host Configuration Protocol (DHCP-Out)","CoreNet-DHCP-Out","Allow","Outbound",,,
"Core Networking - Dynamic Host Configuration Protocol for IPv6(DHCPV6-Out)","CoreNet-DHCPV6-Out","Allow","Outbound",,,
"Core Networking - Group Policy (LSASS-Out)","CoreNet-GP-LSASS-Out-TCP","Allow","Outbound",,,
"Core Networking - Group Policy (NP-Out)","CoreNet-GP-NP-Out-TCP","Allow","Outbound",,,
"Core Networking - Group Policy (TCP-Out)","CoreNet-GP-Out-TCP","Allow","Outbound",,,
"Core Networking - Internet Group Management Protocol (IGMP-Out)","CoreNet-IGMP-Out","Allow","Outbound",,,
"Core Networking - IPHTTPS (TCP-Out)","CoreNet-IPHTTPS-Out","Allow","Outbound",,,
"Core Networking - IPv6 (IPv6-Out)","CoreNet-IPv6-Out","Allow","Outbound",,,
"Core Networking - Multicast Listener Done (ICMPv6-Out)","CoreNet-ICMP6-LD-Out","Allow","Outbound",,,
"Core Networking - Multicast Listener Query (ICMPv6-Out)","CoreNet-ICMP6-LQ-Out","Allow","Outbound",,,
"Core Networking - Multicast Listener Report (ICMPv6-Out)","CoreNet-ICMP6-LR-Out","Allow","Outbound",,,
"Core Networking - Multicast Listener Report v2 (ICMPv6-Out)","CoreNet-ICMP6-LR2-Out","Allow","Outbound",,,
"Core Networking - Neighbor Discovery Advertisement (ICMPv6-Out)","CoreNet-ICMP6-NDA-Out","Allow","Outbound",,,
"Core Networking - Neighbor Discovery Solicitation (ICMPv6-Out)","CoreNet-ICMP6-NDS-Out","Allow","Outbound",,,
"Core Networking - Packet Too Big (ICMPv6-Out)","CoreNet-ICMP6-PTB-Out","Allow","Outbound",,,
"Core Networking - Parameter Problem (ICMPv6-Out)","CoreNet-ICMP6-PP-Out","Allow","Outbound",,,
"Core Networking - Router Advertisement (ICMPv6-Out)","CoreNet-ICMP6-RA-Out","Allow","Outbound",,,
"Core Networking - Router Solicitation (ICMPv6-Out)","CoreNet-ICMP6-RS-Out","Allow","Outbound",,,
"Core Networking - Teredo (UDP-Out)","CoreNet-Teredo-Out","Allow","Outbound",,,
"Core Networking - Time Exceeded (ICMPv6-Out)","CoreNet-ICMP6-TE-Out","Allow","Outbound",,,
"Cortana","{1E442BD6-FCBB-48A4-A039-BE07862D0616}","Allow","Outbound",,,
"Desktop App Web Viewer","{0D1ADA3A-EB93-478D-A809-A2103BF8063D}","Allow","Outbound",,,
"Email and accounts","{F0962428-E2E3-4A8E-9CE6-B3D9BE0E19B3}","Allow","Outbound",,,
"mDNS (UDP-Out)","MDNS-Out-UDP-Domain-Active","Allow","Outbound",,,
"mDNS (UDP-Out)","MDNS-Out-UDP-Public-Active","Allow","Outbound",,,
"mDNS (UDP-Out)","MDNS-Out-UDP-Private-Active","Allow","Outbound",,,
"Microsoft Content","{77B70EDB-ECC5-4094-8BD8-5F408CD03C40}","Allow","Outbound",,,
"Microsoft Content","{1295B5C4-4EB5-4306-820D-B04E88A4E936}","Allow","Outbound",,,
"Microsoft family features","{73052AF6-BEF8-4CD7-8DC1-61B7B8BA9348}","Allow","Outbound",,,
"Narrator QuickStart","{2F6F1A10-1733-4712-942B-72B015389F65}","Allow","Outbound",,,
"Network Discovery (LLMNR-UDP-Out)","NETDIS-LLMNR-Out-UDP-Active","Allow","Outbound",,,
"Network Discovery (NB-Datagram-Out)","NETDIS-NB_Datagram-Out-UDP-Active","Allow","Outbound",,,
"Network Discovery (NB-Name-Out)","NETDIS-NB_Name-Out-UDP-Active","Allow","Outbound",,,
"Network Discovery (Pub WSD-Out)","NETDIS-FDRESPUB-WSD-Out-UDP-Active","Allow","Outbound",,,
"Network Discovery (SSDP-Out)","NETDIS-SSDPSrv-Out-UDP-Active","Allow","Outbound",,,
"Network Discovery (UPnPHost-Out)","NETDIS-UPnP-Out-TCP-Active","Allow","Outbound",,,
"Network Discovery (UPnP-Out)","NETDIS-UPnPHost-Out-TCP-Active","Allow","Outbound",,,
"Network Discovery (WSD Events-Out)","NETDIS-WSDEVNT-Out-TCP-Active","Allow","Outbound",,,
"Network Discovery (WSD EventsSecure-Out)","NETDIS-WSDEVNTS-Out-TCP-Active","Allow","Outbound",,,
"Network Discovery (WSD-Out)","NETDIS-FDPHOST-Out-UDP-Active","Allow","Outbound",,,
"Proximity sharing over TCP (TCP sharing-Out)","ProximityUxHost-Sharing-Out-TCP-NoScope","Allow","Outbound",,,
"Remote Assistance (PNRP-Out)","RemoteAssistance-PnrpSvc-UDP-OUT-Active","Allow","Outbound",,,
"Remote Assistance (RA Server TCP-Out)","RemoteAssistance-RAServer-Out-TCP-NoScope-Active","Allow","Outbound",,,
"Remote Assistance (SSDP TCP-Out)","RemoteAssistance-SSDPSrv-Out-TCP-Active","Allow","Outbound",,,
"Remote Assistance (SSDP UDP-Out)","RemoteAssistance-SSDPSrv-Out-UDP-Active","Allow","Outbound",,,
"Remote Assistance (TCP-Out)","RemoteAssistance-Out-TCP-Active","Allow","Outbound",,,
"Shell Input Application","{0538B2F0-B9C0-4B7F-A5B5-1903FE414F7F}","Allow","Outbound",,,
"WFD ASP Coordination Protocol (UDP-Out)","Microsoft-Windows-WLANSvc-ASP-CP-Out","Allow","Outbound",,,
"WFD Driver-only (TCP-Out)","WiFiDirect-KM-Driver-Out-TCP","Allow","Outbound",,,
"WFD Driver-only (UDP-Out)","WiFiDirect-KM-Driver-Out-UDP","Allow","Outbound",,,
"Wi-Fi Direct Network Discovery (Out)","WFDPRINT-DAFWSD-Out-Active","Allow","Outbound",,,
"Wi-Fi Direct Scan Service Use (Out)","WFDPRINT-SCAN-Out-Active","Allow","Outbound",,,
"Wi-Fi Direct Spooler Use (Out)","WFDPRINT-SPOOL-Out-Active","Allow","Outbound",,,
"Windows Default Lock Screen","{E7BAFA4F-1354-49BB-9027-A5C003145E5A}","Allow","Outbound",,,
"Windows Defender SmartScreen","{BD131E38-CC5A-4873-9211-49032EFBC986}","Allow","Outbound",,,
"Windows Device Management Certificate Installer (TCP out)","Microsoft-Windows-DeviceManagement-CertificateInstall-TCP-Out","Allow","Outbound",,,
"Windows Device Management Enrollment Service (TCP out)","Microsoft-Windows-Enrollment-WinRT-TCP-Out","Allow","Outbound",,,
"Windows Device Management Sync Client (TCP out)","Microsoft-Windows-DeviceManagement-OmaDmClient-TCP-Out","Allow","Outbound",,,
"Windows Security","{A9E7E960-45B7-4CF7-945E-371F5A0A6603}","Allow","Outbound",,,
"Windows Shell Experience","{CB7A98EB-76D2-4BE7-9CF9-8F5C611F48B7}","Allow","Outbound",,,
"Windows Shell Experience","{48F1713D-4926-4EE6-9C59-F75A0A4B8256}","Allow","Outbound",,,
"Windows Shell Experience","{0ED64B26-F3B5-4870-8EF6-5B196FE7D565}","Allow","Outbound",,,
"Wireless Display (TCP-Out)","WirelessDisplay-Out-TCP","Allow","Outbound",,,
"Wireless Display (UDP-Out)","WirelessDisplay-Out-UDP","Allow","Outbound",,,
"Work or school account","{32E360A1-A331-4FF5-87E5-CE3473FB0571}","Allow","Outbound",,,
"Xbox Game UI","{EA4DAA1E-E0AC-4728-BA2F-8672A5A660D1}","Allow","Outbound",,,
"Your account","{33625855-96BA-4778-939B-B4926B14E6CE}","Allow","Outbound",,,
"Your account","{357F9890-85E0-49BA-A863-D26DD37A1617}","Allow","Outbound",,,
