"Name","Status"
"AJRouter","Stopped"
"ALG","Stopped"
"AppIDSvc","Stopped"
"Appinfo","Running"
"AppMgmt","Stopped"
"AppReadiness","Stopped"
"AppVClient","Stopped"
"AppXSvc","Running"
"AssignedAccessManagerSvc","Stopped"
"AudioEndpointBuilder","Running"
"Audiosrv","Running"
"AxInstSV","Stopped"
"BcastDVRUserService_2f731","Stopped"
"BDESVC","Stopped"
"BFE","Running"
"BITS","Running"
"BluetoothUserService_2f731","Stopped"
"BrokerInfrastructure","Running"
"BTAGService","Stopped"
"BthAvctpSvc","Running"
"bthserv","Stopped"
"camsvc","Running"
"CaptureService_2f731","Stopped"
"cbdhsvc_2f731","Running"
"CDPSvc","Running"
"CDPUserSvc_2f731","Running"
"CertPropSvc","Running"
"ClipSVC","Running"
"COMSysApp","Stopped"
"ConsentUxUserSvc_2f731","Stopped"
"CoreMessagingRegistrar","Running"
"CryptSvc","Running"
"CscService","Stopped"
"DcomLaunch","Running"
"defragsvc","Stopped"
"DeviceAssociationService","Stopped"
"DeviceInstall","Stopped"
"DevicePickerUserSvc_2f731","Stopped"
"DevicesFlowUserSvc_2f731","Stopped"
"DevQueryBroker","Stopped"
"Dhcp","Running"
"diagnosticshub.standardcollector.service","Stopped"
"diagsvc","Stopped"
"DiagTrack","Running"
"DisplayEnhancementService","Stopped"
"DmEnrollmentSvc","Stopped"
"dmwappushservice","Stopped"
"Dnscache","Running"
"DoSvc","Running"
"dot3svc","Stopped"
"DPS","Running"
"DsmSvc","Stopped"
"DsSvc","Stopped"
"DusmSvc","Running"
"Eaphost","Stopped"
"EFS","Stopped"
"embeddedmode","Stopped"
"EntAppSvc","Stopped"
"EventLog","Running"
"EventSystem","Running"
"Fax","Stopped"
"fdPHost","Stopped"
"FDResPub","Stopped"
"fhsvc","Stopped"
"FontCache","Running"
"FrameServer","Stopped"
"GoogleChromeElevationService","Stopped"
"gpsvc","Running"
"GraphicsPerfSvc","Stopped"
"gupdate","Running"
"gupdatem","Stopped"
"hidserv","Stopped"
"HvHost","Stopped"
"icssvc","Stopped"
"IKEEXT","Stopped"
"InstallService","Stopped"
"iphlpsvc","Running"
"IpxlatCfgSvc","Stopped"
"irmon","Stopped"
"KeyIso","Running"
"KtmRm","Stopped"
"LanmanServer","Running"
"LanmanWorkstation","Running"
"lfsvc","Running"
"LicenseManager","Running"
"lltdsvc","Stopped"
"lmhosts","Running"
"LSM","Running"
"LxpSvc","Stopped"
"MapsBroker","Stopped"
"MessagingService_2f731","Stopped"
"mpssvc","Running"
"MSDTC","Stopped"
"MSiSCSI","Stopped"
"msiserver","Running"
"NaturalAuthentication","Stopped"
"NcaSvc","Stopped"
"NcbService","Running"
"NcdAutoSetup","Stopped"
"Netlogon","Stopped"
"Netman","Stopped"
"netprofm","Running"
"NetSetupSvc","Stopped"
"NetTcpPortSharing","Stopped"
"NgcCtnrSvc","Running"
"NgcSvc","Running"
"NlaSvc","Running"
"nsi","Running"
"onecontext","Running"
"OneSyncSvc_2f731","Running"
"p2pimsvc","Stopped"
"p2psvc","Stopped"
"PcaSvc","Running"
"PeerDistSvc","Stopped"
"perceptionsimulation","Stopped"
"PerfHost","Stopped"
"PhoneSvc","Stopped"
"PimIndexMaintenanceSvc_2f731","Stopped"
"pla","Stopped"
"PlugPlay","Running"
"PNRPAutoReg","Stopped"
"PNRPsvc","Stopped"
"PolicyAgent","Running"
"Power","Running"
"PrintNotify","Stopped"
"PrintWorkflowUserSvc_2f731","Stopped"
"ProfSvc","Running"
"PushToInstall","Stopped"
"QWAVE","Stopped"
"RasAuto","Stopped"
"RasMan","Running"
"RemoteAccess","Stopped"
"RemoteRegistry","Stopped"
"RetailDemo","Stopped"
"RmSvc","Running"
"RpcEptMapper","Running"
"RpcLocator","Stopped"
"RpcSs","Running"
"SamSs","Running"
"SCardSvr","Stopped"
"ScDeviceEnum","Stopped"
"Schedule","Running"
"SCPolicySvc","Stopped"
"SDRSVC","Stopped"
"seclogon","Stopped"
"SecurityHealthService","Running"
"SEMgrSvc","Stopped"
"SENS","Running"
"Sense","Stopped"
"SensorDataService","Stopped"
"SensorService","Stopped"
"SensrSvc","Stopped"
"SessionEnv","Running"
"SgrmBroker","Running"
"SharedAccess","Stopped"
"SharedRealitySvc","Stopped"
"ShellHWDetection","Running"
"shpamsvc","Stopped"
"smphost","Running"
"SmsRouter","Stopped"
"SNMPTRAP","Stopped"
"spectrum","Stopped"
"Spooler","Running"
"sppsvc","Stopped"
"SSDPSRV","Running"
"ssh-agent","Stopped"
"SstpSvc","Running"
"StateRepository","Running"
"stisvc","Stopped"
"StorSvc","Running"
"svsvc","Stopped"
"swprv","Running"
"SysMain","Running"
"SystemEventsBroker","Running"
"TabletInputService","Running"
"TapiSrv","Stopped"
"TermService","Running"
"Themes","Running"
"TieringEngineService","Stopped"
"TimeBrokerSvc","Running"
"TokenBroker","Running"
"TrkWks","Running"
"TrustedInstaller","Stopped"
"tzautoupdate","Stopped"
"UevAgentService","Stopped"
"UmRdpService","Running"
"UnistoreSvc_2f731","Stopped"
"upnphost","Stopped"
"UserDataSvc_2f731","Stopped"
"UserManager","Running"
"UsoSvc","Running"
"VacSvc","Stopped"
"VaultSvc","Running"
"vds","Running"
"vmicguestinterface","Stopped"
"vmicheartbeat","Stopped"
"vmickvpexchange","Stopped"
"vmicrdv","Stopped"
"vmicshutdown","Stopped"
"vmictimesync","Stopped"
"vmicvmsession","Stopped"
"vmicvss","Stopped"
"VSS","Stopped"
"W32Time","Stopped"
"WaaSMedicSvc","Stopped"
"WalletService","Stopped"
"WarpJITSvc","Stopped"
"wbengine","Stopped"
"WbioSrvc","Running"
"Wcmsvc","Running"
"wcncsvc","Stopped"
"WdiServiceHost","Running"
"WdiSystemHost","Running"
"WdNisSvc","Running"
"WebClient","Stopped"
"Wecsvc","Stopped"
"WEPHOSTSVC","Stopped"
"wercplsupport","Stopped"
"WerSvc","Stopped"
"WFDSConMgrSvc","Stopped"
"WiaRpc","Stopped"
"WinDefend","Running"
"WinHttpAutoProxySvc","Running"
"Winmgmt","Running"
"WinRM","Running"
"wisvc","Stopped"
"WlanSvc","Stopped"
"wlidsvc","Running"
"wlpasvc","Stopped"
"WManSvc","Stopped"
"wmiApSrv","Stopped"
"WMPNetworkSvc","Stopped"
"workfolderssvc","Stopped"
"WpcMonSvc","Stopped"
"WPDBusEnum","Stopped"
"WpnService","Running"
"WpnUserService_2f731","Running"
"wscsvc","Running"
"WSearch","Running"
"wuauserv","Running"
"WwanSvc","Stopped"
"XblAuthManager","Stopped"
"XblGameSave","Stopped"
"XboxGipSvc","Stopped"
"XboxNetApiSvc","Stopped"
