Name,Version
git-core,2.13.7
openSUSE-build-key,1.0
perl-Exporter-Tiny,0.042
dejavu-fonts,2.34
git-gui,2.13.7
timezone,2018e
perl-Config-Crontab,1.33
libhogweed2,2.7.1
cups-filters-foomatic-rip,1.8.2
python-argparse,1.3.0
yast2-bootloader,3.2.27.1
cyrus-sasl-digestmd5,2.1.26
pam-modules,12.1
nfs-kernel-server,1.3.0
zypper-lifecycle-plugin,0.6.1490613702.a925823
dbus-1-x11,1.8.22
tar,1.27.1
groff-full,1.22.2
cracklib-dict-small,2.9.0
libgmp10,5.1.3
grub2-i386-pc,2.02
fping,3.5
boost-license1_54_0,1.54.0
yast2-squid,3.1.5
libmspack0,0.5
libHX28,3.18
ethtool,4.5
libyui-ncurses-pkg7,2.48.4
libxmlsec1-openssl1,1.2.24
libdbus-1-3,1.8.22
kbd-legacy,2.0.3
bzip2,1.0.6
libglib-2_0-0,2.48.2
libavahi-common3,0.6.32
yast2-security,3.2.3
libnl1,1.1.4
libfipscheck1,1.2.0
libfreetype6,2.6.3
libsmi2,0.4.8
libnettle4,2.7.1
libaugeas0,1.2.0
libxslt1,1.1.28
libqrencode3,3.4.3
yast2-inetd,3.1.13
procinfo,18
libunwind,1.1
python-solv,0.6.34
yast2-schema,3.2.0
pigz,2.3
command-not-found,0.1.1+20180103.0595254
opie,2.4
which,2.20
python-pytz,2016.10
libedit0,3.1.snap20140620
python-cmd2,0.6.8
python-msgpack-python,0.4.8
python-unicodecsv,0.9.4
perl-XML-Parser,2.41
p11-kit,0.20.7
python-pycparser,2.10
perl-Digest-MD4,1.9
python-cssselect,0.9.1
screen,4.0.4
xbitmaps,1.1.1
kbd,2.0.3
perl-Test-Exception,0.430000
libavahi-glib1,0.6.32
yast2-dbus-server,3.1.1
python-dateutil,2.4.2
libjbig2,2.0
docker-img-store-setup,1.0.0
yast2-perl-bindings,3.2.0
libpixman-1-0,0.34.0
gio-branding-upstream,2.48.2
libxshmfence1,1.2
dhcp-client,4.3.3
ruby2.1-rubygem-abstract_method,1.2.1
libdrm_intel1,2.4.76
yast2-slp,3.1.11
growpart,0.30
libgcrypt20,1.6.1
yast2-audit-laf,3.1.5
perl-Bootloader,0.921
libpython2_7-1_0,2.7.13
yast2-samba-client,3.1.19
python-swiftclient,3.3.0
libtirpc-netconfig,1.0.1
yast2-dhcp-server,3.2.2
icmpinfo,1.11
libxcb-dri2-0,1.11.1
yast2-update,3.2.2
python-os-client-config,1.26.0
libxcb-render0,1.11.1
perl-X500-DN,0.29
python-glanceclient,2.5.0
libxml2-2,2.9.4
python-cryptography,1.3.1
unzip-doc,6.00
perl-XML-SAX-Expat,0.50
pam_mount,2.15
Mesa,17.0.5
perl-XML-Simple,2.20
libsystemd0,228
ruby,2.1
audit,2.3.6
bash,4.3
python-packaging,17.1
Mesa-libEGL1,17.0.5
aaa_base,13.2+git20140911.61c1681
file-magic,5.22
libfdisk1,2.29.2
python-requests-kerberos,0.8.0
glibc,2.22
xfsprogs,4.3.0
python-oslo.config,3.22.0
libprocps3,3.3.9
shadow,4.2.1
python-novaclient,7.1.1
libgcc_s1,7.3.1+r258812
krb5,1.12.5
python-neutronclient,6.1.0
libmagic1,5.22
ca-certificates-mozilla,2.26
kernel-firmware,20170530
cryptconfig,0.3
libustr-1_0-1,1.0.4
krb5-client,1.12.5
ntp,4.2.8p11
liblzma5,5.2.2
openssl,1.0.2j
libelf1,0.158
libcurl4,7.37.0
libattr1,2.4.47
libpoppler60,0.43.0
terminfo-base,5.9
libselinux1,2.5
zypper,1.13.45
polkit-default-privs,13.2
libksba8,1.3.0
libndr0,4.6.16+git.124.aee309c5c18
libnl3-200,3.2.23
libacl1,2.2.52
libsmbconf0,4.6.16+git.124.aee309c5c18
libstdc++6,7.3.1+r258812
pinentry,0.8.3
libdcerpc0,4.6.16+git.124.aee309c5c18
autofs,5.0.9
libsmbldap0,4.6.16+git.124.aee309c5c18
libyui-ncurses7,2.48.2
sed,4.2.2
libXrender1,0.9.9
libcom_err2,1.42.11
libXdamage1,1.1.4
yast2-slp-server,3.1.5
procps,3.3.9
crda,3.18
yp-tools,4.2.2
libusb-0_1-4,0.1.13
python-pyOpenSSL,16.0.0
libsemanage1,2.5
xhost,1.0.7
yast2-online-update-frontend,3.1.11
catatonit,0.1.3
python-pyparsing,2.2.0
file,5.22
python-urllib3,1.23
libdb-4_8,4.8.30
tk,8.6.7
yast2-add-on,3.2.1
libkmod2,17
poppler-tools,0.43.0
iptables,1.4.21
systemd-logger,228
dmraid,1.0.0.rc16
ncurses-utils,5.9
libstorage7,2.26.12.2
yast2-core,3.2.2
pciutils-ids,2018.02.08
irqbalance,1.1.0
psmisc,22.21
openSUSE-release-dvd,42.3
terminfo,5.9
gitk,2.13.7
libgobject-2_0-0,2.48.2
wget,1.14
cyrus-sasl,2.1.26
ghostscript-x11,9.25
libidn11,1.28
x86info,1.29
libtevent0,0.9.34
release-notes-openSUSE,42.3.20170911
libtasn1,4.9
cups-filters-cups-browsed,1.8.2
libncurses5,5.9
xorriso,1.4.4
shared-mime-info,1.6
libicu52_1,52.1
yast2-services-manager,3.2.2
cyrus-sasl-gssapi,2.1.26
libpopt0,1.16
python-blinker,1.4
python-Babel,2.3.4
patterns-openSUSE-minimal_base,20170518
bc,1.06.95
libbz2-1,1.0.6
cpio,2.11
libpcap1,1.8.1
dos2unix,7.3.4
yast2-printer,3.2.0
fdupes,1.61
hardlink,1.0
klogd,1.4.1
yast2-online-update,3.1.11
libaio1,0.3.109
info,4.13a
libcap-ng0,0.7.3
python-chardet,3.0.4
libext2fs2,1.42.11
yast2-nis-client,3.2.1
libgdbm4,1.10
liblzo2-2,2.08
libnl-config,3.2.23
yast2-installation,3.2.56
libpipeline1,1.2.6
glibc-locale,2.22
libseccomp2,2.3.1
tcpdump,4.9.2
libtdb1,1.3.12
gpg-pubkey,307e3d54
libx86emu1,1.11
net-tools,1.60
bind-libs,9.9.9P1
prctl,1.5
expat,2.1.0
time,1.7
libauparse0,2.3.6
yast2-nfs-common,3.1.9
libiptc0,1.4.21
less,458
libmozjs-17_0,17.0
libtasn1-6,4.9
expect,5.45
mozilla-nspr,4.19
python-requestsexceptions,1.1.2
python-pyinotify,0.9.6
tcl,8.6.7
python-netifaces,0.10.4
zip,3.0
python-functools32,3.2.3.2
python-PrettyTable,0.7.2
libreiserfscore0,3.6.24
libboost_regex1_54_0,1.54.0
cyrus-sasl-plain,2.1.26
ksh,93vu
python-talloc,2.1.10
fonts-config,20150424
sysconfig,0.84.0
attr,2.4.47
btrfsprogs-udev-rules,4.5.3
nfs-client,1.3.0
dmidecode,3.0
SuSEfirewall2,3.6.312.333
fd0ssh,20150304
groff,1.22.2
yast2-nfs-client,3.1.18
keyutils,1.5.9
libXau6,1.0.8
libcamgm100,1.0.8
yast2-proxy,3.1.6
libesmtp,1.0.6
yast2-iscsi-lio-server,3.2.1
libfuse2,2.9.3
yast2-docker,3.1.7
libldapcpp1,0.3.1
libopenjp2-7,2.1.0
yast2-kdump,3.2.7
libnfnetlink0,1.0.1
libreadline6,6.3
libpci3,3.2.1
yast2-nis-server,3.1.4
libruby2_1-2_1,2.1.9
autoyast2-installation,3.2.29
libsqlite3-0,3.8.10.2
yast2-mail,3.1.11
libwrap0,7.6
yast2-ftp-server,3.2.3
man-pages,4.02
perl-XML-SAX,0.99
pkg-config,0.28
perl-Digest-HMAC,1.03
systemd-presets-branding-openSUSE,12.2
python-debtcollector,1.3.0
xz,5.2.2
python-Jinja2,2.8
yast2-trans-stats,2.19.0
makedumpfile,1.6.1
syslinux,4.04
iputils,s20121221
libgbm1,17.0.5
python-rfc3986,1.0.0
python-pykerberos,1.1.10
libsoftokn3,3.36.4
python-py,1.4.30
python-ipaddress,1.0.18
python-appdirs,1.4.0
sysvinit-tools,2.88+
Mesa-libva,17.0.5
ofl,20150304
libavahi-client3,0.6.32
e2fsprogs,1.42.11
bash-lang,4.3
fipscheck,1.2.0
libgmodule-2_0-0,2.48.2
util-linux,2.29.2
btrfsprogs,4.5.3
sudo,1.8.20p2
libnetfilter_conntrack3,1.0.4
python-base,2.7.13
quota,4.01
libsgutils2-2,1.43+42.1bfaf35
pciutils,3.2.1
kpartx,0.7.1+101+suse.1d10b44f
libldb1,1.1.29
hwinfo,21.57
strace,4.10
binutils,2.31
ruby2.1-stdlib,2.1.9
python-xml,2.7.13
gawk,4.1.3
libtirpc3,1.0.1
man,2.6.6
libopenssl1_0_0,1.0.2j
python-positional,1.1.1
python-cffi,1.5.2
openslp,2.0.0
python-lxml,3.6.1
libmysqlclient18,10.0.35
p11-kit-tools,0.20.7
libzypp,16.17.20
libnsl2,1.0.4
cups-client,1.7.5
ca-certificates,1_201403302107
samba-libs,4.6.16+git.124.aee309c5c18
libsamba-util0,4.6.16+git.124.aee309c5c18
libsamba-hostconfig0,4.6.16+git.124.aee309c5c18
python-idna,2.7
libsamba-credentials0,4.6.16+git.124.aee309c5c18
python-funcsigs,1.0.2
libwbclient0,4.6.16+git.124.aee309c5c18
python-PyYAML,3.13
libxcb1,1.11.1
libndr-krb5pac0,4.6.16+git.124.aee309c5c18
iproute2,4.4
libsamdb0,4.6.16+git.124.aee309c5c18
docker-runc,1.0.0rc4+gitr3338_3f2f8b84a77f
libSM6,1.2.2
netcat-openbsd,1.89
libwicked-0-6,0.6.40
pam,1.3.0
rpm-python,4.11.2
crash,7.1.8
python-pyasn1,0.4.4
python-setuptools,40.4.3
python-requests,2.19.1
cifs-utils,6.5
vim,7.4.326
perl-camgm,1.0.8
perl-XML-SAX-Base,1.08
perl-XML-NamespaceSupport,1.11
cups,1.7.5
kdump,0.8.16
perl-XML-Writer,0.623
libstorage-ruby,2.26.12.2
perl-URI,1.60
perl-Error,0.17021
docker,17.09.1_ce
fontconfig,2.11.1
python-MarkupSafe,0.23
docker-zsh-completion,17.09.1_ce
pam-config,0.91
yast2-network,3.2.53
yast2-ycp-ui-bindings,3.2.0
perl-List-MoreUtils,0.415
python-oslo.i18n,3.12.0
parallel-printer-support,1.00
python-configobj,5.0.6
openssh-askpass,1.2.4.1
libXtst6,1.2.2
gxditview,1.22.2
perl-Carp-Clan,6.04
grub2,2.02
python-oslo.context,2.12.1
grub2-systemd-sleep-plugin,2.02
perl-Bit-Vector,7.3
libdnet1,1.12
ruby2.1-rubygem-fast_gettext,0.9.2
libxmlsec1-1,1.2.24
perl-Date-Calc,6.3
libvmtools0,10.3.0
ruby2.1-rubygem-cfa_grub2,0.6.2
open-vm-tools,10.3.0
yast2-xml,3.1.2
perl-XML-LibXML,2.0019
yast2-country-data,3.2.14
netcfg,11.5
telnet,1.2
python-cliff,2.4.0
python-keystoneauth1,2.18.0
python-keystoneclient,3.10.0
python-osc-lib,1.3.0
python-heatclient,1.8.1
kmod-compat,17
cryptsetup,1.6.4
kmod,17
rsync,3.1.0
nscd,2.22
at-spi2-core,2.20.2
rpcbind,0.2.3
gpg-pubkey,29dd7d91
branding-openSUSE,42.1
poppler-data,0.4.7
adjtimex,1.29
libLLVM,3.8.0
libburn4,1.4.4
libisofs6,1.4.4
liblcms2-2,2.8
libpciaccess0,0.13.4
libspf2-2,1.2.10
libwayland-server0,1.13.0
libdrm_radeon1,2.4.76
libdrm_amdgpu1,2.4.76
Mesa-libglapi0,17.0.5
libfreebl3,3.36.4
libgnutls28,3.3.27
libsmartcols1,2.29.2
libtxc_dxtn,1.0.1
libuuid1,2.29.2
libxcb-dri3-0,1.11.1
libxcb-present0,1.11.1
libxcb-shm0,1.11.1
libxcb-xfixes0,1.11.1
lifecycle-data-openSUSE,1
libgio-2_0-0,2.48.2
wireless-regdb,2018.05.31
perl-Config-IniFiles,2.82
ruby-common,2.1
libX11-xcb1,1.6.3
python-oslo.serialization,2.16.0
ruby2.1-rubygem-excon,0.54.0
libtiff5,4.0.9
ruby2.1-rubygem-cfa,0.6.1
libjasper1,1.900.14
python-certifi,2018.4.16
libtevent-util0,4.6.16+git.124.aee309c5c18
yast2-pkg-bindings,3.2.4
mozilla-nss,3.36.4
python-PyJWT,1.4.2
libmount1,2.29.2
python-pbr,1.10.0
yast2-transfer,3.1.3
zsh,5.6.2
rsh,0.17
python-oslo.log,3.20.1
dbus-1,1.8.22
python-cinderclient,1.11.0
python-openstacksdk,0.9.13
python-openstackclient,3.8.1
dracut,044.1
suse-module-tools,12.4
kernel-default,4.4.159
logrotate,3.11.0
qemu-tools,2.9.1
lvm2,2.02.120
python,2.7.13
cyrus-sasl-saslauthd,2.1.26
apparmor-parser,2.10.3
wicked-service,0.6.40
cups-libs,1.7.5
parted,3.1
blktrace,1.1.0
curl,7.37.0
google-opensans-fonts,1.0
perl-base,5.18.2
gamin-server,0.1.10
sysconfig-netconfig,0.84.0
libexpat1,2.1.0
libsmi,0.4.8
dhcp,4.3.3
libsamba-passdb0,4.6.16+git.124.aee309c5c18
python-jsonpointer,1.9
yast2-ntp-client,3.2.14
libkeyutils1,1.5.9
libXss1,1.2.2
python-jsonschema,2.5.1
libXpm4,3.5.11
yast2-sysconfig,3.1.4
libXfixes3,5.0.1
libadns1,1.4
libisoburn1,1.4.4
python-jsonpatch,1.11
netpbm,10.66.3
yast2-isns,3.1.7
yast2-branding-openSUSE,3.2.3
libassuan0,2.1.1
bash-completion,2.1
python-monotonic,1.4
python-ndg-httpsclient,0.4.0
yast2-tune,3.2.0
libXft2,2.3.2
grep,2.16
xauth,1.0.9
perl,5.18.2
python-simplejson,3.16.1
yast2-http-server,3.2.2
gzip,1.6
yast2-samba-server,3.2.1
systemd-bash-completion,228
libsolv-tools,0.6.34
libXaw7,1.0.13
containerd,0.2.9+gitr706_06b9cb351610
systemd,228
gpg-pubkey,3dbdc284
udev,228
augeas-lenses,1.2.0
systemd-sysvinit,228
openssh,7.2p2
glibc-i18ndata,2.22
exim,4.86.2
libevent-2_0-5,2.0.21
ghostscript,9.25
libltdl7,2.4.2
at,3.1.14
libxtables10,1.4.21
perl-Sub-Uplevel,0.240.0
elfutils,0.158
cups-filters-ghostscript,1.8.2
permissions,2015.09.28.1626
perl-Digest-SHA1,2.13
libsasl2-3,2.1.26
yast2-storage,3.2.16.3
python-six,1.9.0
patterns-openSUSE-base,20170518
docker-bash-completion,17.09.1_ce
mozilla-nss-certs,3.36.4
cups-filters,1.8.2
bind-utils,9.9.9P1
ruby2.1,2.1.9
libverto1,0.2.6
os-prober,1.61
blog,2.18
yast2-ca-management,3.2.1
dosfstools,3.0.26
acl,2.2.52
cracklib,2.9.0
grub2-branding-openSUSE,42.1
initviocons,0.5
deltarpm,3.6.1
insserv-compat,0.1
qemu-guest-agent,2.9.1
libasm1,0.158
gettext-runtime-mini,0.19.2
yast2-firewall,3.2.0
one-context,5.6.0
libffi4,5.3.1+r233831
python-futures,3.2.0
libmnl0,1.0.3
libdw1,0.158
diffutils,3.3
libpng16-16,1.6.8
libhavege1,1.9.1
yast2-dns-server,3.2.0
libnuma1,2.0.9
xtables-plugins,1.4.21
nfsidmap,0.25
libsnappy1,1.1.3
libusb-1_0-0,1.0.20
update-alternatives,1.18.4
libyaml-0-2,0.1.6
libyui7,3.2.9
recode,3.6
python-wrapt,1.9.0
yast2-trans-en_US,84.87.20170719.20cc14dd
python-pycrypto,2.6.1
libutempter0,1.1.6
perl-gettext,1.05
python-ecdsa,0.13
python-pyserial,2.7
perl-Parse-RecDescent,1.967009
libcrack2,2.9.0
python-iso8601,0.1.11
python-netaddr,0.7.18
hicolor-icon-theme,0.15
gptfdisk,0.8.8
libXext6,1.3.3
libICE6,1.0.9
haveged,1.9.1
perl-Crypt-SmbHash,0.12
libdrm2,2.4.76
lockdev,1.0.3_git201003141408
vlock,2.2.3
libnetpbm11,10.66.3
yast2,3.2.45
perl-Net-DNS,0.73
libwayland-client0,1.13.0
yast2-packager,3.2.26
ruby2.1-rubygem-ruby-dbus,0.9.3
libdrm_nouveau2,2.4.76
yast2-tftp-server,3.1.3
ruby2.1-rubygem-docker-api,1.31.0
libX11-data,1.6.3
yast2-pam,3.1.2
libjpeg8,8.1.2
yast2-iscsi-client,3.1.30
yast2-ruby-bindings,3.2.15
libsamba-errors0,4.6.16+git.124.aee309c5c18
yast2-ldap,3.1.14
yast2-hardware-detection,3.1.8
libudev1,228
yast2-sudo,3.1.2
python-oauthlib,2.1.0
libxcb-glx0,1.11.1
gpg-pubkey,39db7c82
python-ceilometerclient,2.8.0
libxcb-sync1,1.11.1
python-warlock,1.1.0
lsof,4.89
ruby2.1-rubygem-gem2rpm,0.10.1
libparted0,3.1
yast2-support,3.2.1
python-oslo.utils,3.22.0
xinetd,2.3.15
libX11-6,1.6.3
ruby2.1-rubygem-ruby-augeas,0.5.0
libpolkit0,0.113
libqpdf18,7.1.1
ruby2.1-rubygem-cheetah,0.5.0
wicked,0.6.40
libblkid1,2.29.2
libatspi0,2.20.2
lio-utils,4.1
readline-doc,6.3
kexec-tools,2.0.12
filesystem,13.1
bash-doc,4.3
python-stevedore,1.20.0
libz1,1.2.8
unzip,6.00
liblua5_1,5.1.5
openSUSE-release,42.3
libcryptsetup4,1.6.4
libaudit1,2.3.6
iscsiuio,0.7.8.2
device-mapper,1.02.97
libldap-2_4-2,2.4.44
util-linux-lang,2.29.2
libcryptmount0,2.15
sg3_utils,1.43+42.1bfaf35
libpth20,2.0.7
crash-kmp-default,7.1.8_k4.4.132_53
kernel-default,4.4.138
libgpg-error0,1.27
libpq5,10.5
polkit,0.113
libcap2,2.22
zypper-log,1.13.45
liblockdev1,1.0.3_git201003141408
fillup,1.42
libdcerpc-binding0,4.6.16+git.124.aee309c5c18
libp11-kit0,0.20.7
libmodman1,2.0.1
zypper-aptitude,1.13.45
libpcre1,8.39
libzio1,1.00
libndr-standard0,4.6.16+git.124.aee309c5c18
libproxy1,0.4.13
libndr-nbt0,4.6.16+git.124.aee309c5c18
tcpd,7.6
findutils,4.5.12
libnetapi0,4.6.16+git.124.aee309c5c18
libsepol1,2.5
libXxf86vm1,1.1.4
yast2-country,3.2.14
coreutils,8.25
libXmuu1,1.1.2
libfam0-gamin,0.1.10
rpm,4.11.2
psutils,p17
libssh2-1,1.4.3
dirmngr,1.1.1
hicolor-icon-theme-branding-openSUSE,42.1
yast2-nfs-server,3.1.9
libXt6,1.1.5
python-enum34,1.1.6
augeas,1.2.0
libXmu6,1.1.2
docker-libnetwork,0.7.0.1+gitr2066_7b2b1feb1de4
python-PySocks,1.6.8
yast2-users,3.2.15
libapparmor1,2.10.3
Mesa-libGL1,17.0.5
tcsh,6.18.01
libicu52_1-data,52.1
libcairo2,1.15.2
gpg2,2.0.24
libncurses6,5.9
util-linux-systemd,2.29.2
scout,0.1.1+20180103.0595254
libtalloc2,2.1.10
open-iscsi,2.0.874
lsscsi,0.29
openssh-helpers,7.2p2
openldap2-client,2.4.44