Name,Status
after-local.service,exited
apparmor.service,exited
auditd.service,running
cups.service,running
dbus.service,running
detect-part-label-duplicates.service,exited
dracut-shutdown.service,exited
getty@tty1.service,running
haveged.service,running
iscsi.service,exited
kmod-static-nodes.service,exited
lvm2-lvmetad.service,running
nscd.service,running
one-context-local.service,exited
one-context.service,exited
rc-local.service,exited
sshd.service,running
systemd-fsck-root.service,exited
systemd-hwdb-update.service,exited
systemd-journal-catalog-update.service,exited
systemd-journal-flush.service,exited
systemd-journald.service,running
systemd-logind.service,running
systemd-modules-load.service,exited
systemd-random-seed.service,exited
systemd-remount-fs.service,exited
systemd-sysctl.service,exited
systemd-sysusers.service,exited
systemd-tmpfiles-setup-dev.service,exited
systemd-tmpfiles-setup.service,exited
systemd-udev-root-symlink.service,exited
systemd-udev-settle.service,exited
systemd-udev-trigger.service,exited
systemd-udevd.service,running
systemd-update-done.service,exited
systemd-update-utmp.service,exited
systemd-user-sessions.service,exited
systemd-vconsole-setup.service,exited
user@0.service,running
wicked.service,exited
wickedd-auto4.service,running
wickedd-dhcp4.service,running
wickedd-dhcp6.service,running
wickedd-nanny.service,running
wickedd.service,running