Name,Version
GeoIP,1.5.0
PyYAML,3.10
acl,2.2.51
audit,2.8.1
audit-libs,2.8.1
audit-libs-python,2.8.1
authconfig,6.2.8
basesystem,10.0
bash,4.2.46
bind-libs,9.9.4
bind-libs-lite,9.9.4
bind-license,9.9.4
bind-utils,9.9.4
binutils,2.27
btrfs-progs,4.9.1
bzip2-libs,1.0.6
ca-certificates,2018.2.22
centos-release,7
checkpolicy,2.5
chkconfig,1.7.4
chrony,3.2
cloud-utils-growpart,0.29
coreutils,8.22
cpio,2.11
cracklib,2.9.0
cracklib-dicts,2.9.0
cronie,1.4.11
cronie-anacron,1.4.11
crontabs,1.11
cryptsetup-libs,1.7.4
curl,7.29.0
cyrus-sasl-lib,2.1.26
dbus,1.10.24
dbus-glib,0.100
dbus-libs,1.10.24
dbus-python,1.1.1
device-mapper,1.02.146
device-mapper-libs,1.02.146
dhclient,4.2.5
dhcp-common,4.2.5
dhcp-libs,4.2.5
diffutils,3.3
dmidecode,3.0
dracut,033
dracut-config-generic,033
dracut-config-rescue,033
dracut-network,033
e2fsprogs,1.42.9
e2fsprogs-libs,1.42.9
elfutils-default-yama-scope,0.170
elfutils-libelf,0.170
elfutils-libs,0.170
epel-release,7
ethtool,4.8
expat,2.1.0
file,5.11
file-libs,5.11
filesystem,3.2
findutils,4.5.11
fipscheck,1.4.1
fipscheck-lib,1.4.1
freetype,2.4.11
fuse,2.9.2
fuse-libs,2.9.2
gawk,4.0.2
gdbm,1.10
gettext,0.19.8.1
gettext-libs,0.19.8.1
glib2,2.54.2
glibc,2.17
glibc-common,2.17
gmp,6.0.0
gnupg2,2.0.22
gobject-introspection,1.50.0
gpgme,1.3.2
grep,2.20
groff-base,1.22.2
grub2,2.02
grub2-common,2.02
grub2-pc,2.02
grub2-pc-modules,2.02
grub2-tools,2.02
grub2-tools-extra,2.02
grub2-tools-minimal,2.02
grubby,8.28
gssproxy,0.7.0
gzip,1.5
hardlink,1.0
hostname,3.13
hwdata,0.252
info,5.1
initscripts,9.49.41
iproute,4.11.0
iptables,1.4.21
iputils,20160308
irqbalance,1.0.7
iwl7265-firmware,22.0.7.0
jansson,2.10
kbd,1.15.5
kbd-legacy,1.15.5
kbd-misc,1.15.5
kernel,3.10.0
kernel-tools,3.10.0
kernel-tools-libs,3.10.0
kexec-tools,2.0.15
keyutils,1.5.8
keyutils-libs,1.5.8
kmod,20
kmod-libs,20
kpartx,0.4.9
krb5-libs,1.15.1
less,458
libacl,2.2.51
libassuan,2.1.0
libattr,2.4.46
libbasicobjects,0.1.1
libblkid,2.23.2
libcap,2.22
libcap-ng,0.7.5
libcgroup,0.41
libcollection,0.7.0
libcom_err,1.42.9
libcroco,0.6.11
libcurl,7.29.0
libdaemon,0.14
libdb,5.3.21
libdb-utils,5.3.21
libdnet,1.12
libdrm,2.4.83
libedit,3.0
libestr,0.1.9
libevent,2.0.21
libfastjson,0.99.4
libffi,3.0.13
libgcc,4.8.5
libgcrypt,1.5.3
libgomp,4.8.5
libgpg-error,1.12
libicu,50.1.2
libidn,1.28
libini_config,1.3.1
libmnl,1.0.3
libmount,2.23.2
libmspack,0.7
libndp,1.2
libnetfilter_conntrack,1.0.6
libnfnetlink,1.0.1
libnfsidmap,0.25
libnl3,3.2.28
libnl3-cli,3.2.28
libpath_utils,0.2.1
libpciaccess,0.14
libpipeline,1.2.3
libpwquality,1.2.3
libref_array,0.1.5
libseccomp,2.3.1
libselinux,2.5
libselinux-python,2.5
libselinux-utils,2.5
libsemanage,2.5
libsemanage-python,2.5
libsepol,2.5
libss,1.42.9
libssh2,1.4.3
libstdc++,4.8.5
libsysfs,2.1.0
libtasn1,4.10
libteam,1.27
libtirpc,0.2.4
libtool-ltdl,2.4.2
libunistring,0.9.3
libuser,0.60
libutempter,1.1.6
libuuid,2.23.2
libverto,0.2.5
libverto-libevent,0.2.5
libxml2,2.9.1
libxml2-python,2.9.1
libxslt,1.1.28
libyaml,0.1.4
logrotate,3.8.6
lshw,B.02.18
lsof,4.87
lua,5.1.4
lz4,1.7.5
lzo,2.06
make,3.82
man-db,2.6.3
mariadb-libs,5.5.60
microcode_ctl,2.1
mozjs17,17.0.0
ncurses,5.9
ncurses-base,5.9
ncurses-libs,5.9
net-tools,2.0
newt,0.52.15
newt-python,0.52.15
nfs-utils,1.3.0
nspr,4.19.0
nss,3.36.0
nss-pem,1.0.3
nss-softokn,3.36.0
nss-softokn-freebl,3.36.0
nss-sysinit,3.36.0
nss-tools,3.36.0
nss-util,3.36.0
numactl-libs,2.0.9
one-context,5.6.0
open-vm-tools,10.1.10
openldap,2.4.44
openssh,7.4p1
openssh-clients,7.4p1
openssh-server,7.4p1
openssl,1.0.2k
openssl-libs,1.0.2k
os-prober,1.58
p11-kit,0.23.5
p11-kit-trust,0.23.5
pam,1.1.8
parted,3.1
passwd,0.79
pciutils,3.5.1
pciutils-libs,3.5.1
pcre,8.32
pinentry,0.8.1
pkgconfig,0.27.1
policycoreutils,2.5
policycoreutils-python,2.5
polkit,0.112
polkit-pkla-compat,0.1
popt,1.13
postfix,2.10.1
procps-ng,3.3.10
pth,2.0.7
pygpgme,0.3
pyliblzma,0.5.3
pyserial,2.6
python,2.7.5
python-IPy,0.75
python-babel,0.9.6
python-backports,1.0
python-backports-ssl_match_hostname,3.5.0.1
python-chardet,2.2.1
python-configobj,4.7.2
python-decorator,3.4.0
python-gobject-base,3.22.0
python-iniparse,0.4
python-ipaddress,1.0.16
python-jinja2,2.7.2
python-jsonpatch,1.2
python-jsonpointer,1.9
python-kitchen,1.1.1
python-libs,2.7.5
python-linux-procfs,0.4.9
python-markupsafe,0.11
python-perf,3.10.0
python-prettytable,0.7.2
python-pycurl,7.19.0
python-pyudev,0.15
python-requests,2.6.0
python-schedutils,0.4
python-setuptools,0.9.8
python-six,1.9.0
python-urlgrabber,3.10
python-urllib3,1.10.2
pyxattr,0.5.1
qemu-guest-agent,2.8.0
qrencode-libs,3.4.1
quota,4.01
quota-nls,4.01
readline,6.2
rootfiles,8.1
rpcbind,0.2.0
rpm,4.11.3
rpm-build-libs,4.11.3
rpm-libs,4.11.3
rpm-python,4.11.3
rsync,3.1.2
rsyslog,8.24.0
ruby,2.0.0.648
ruby-irb,2.0.0.648
ruby-libs,2.0.0.648
rubygem-bigdecimal,1.2.0
rubygem-io-console,0.4.2
rubygem-json,1.7.7
rubygem-psych,2.0.0
rubygem-rdoc,4.0.0
rubygems,2.0.14.1
sed,4.2.2
selinux-policy,3.13.1
selinux-policy-targeted,3.13.1
setools-libs,3.3.8
setup,2.8.71
sg3_utils,1.37
sg3_utils-libs,1.37
shadow-utils,4.1.5.1
shared-mime-info,1.8
slang,2.2.4
snappy,1.1.0
sqlite,3.7.17
sudo,1.8.19p2
systemd,219
systemd-libs,219
systemd-sysv,219
sysvinit-tools,2.88
tar,1.26
tcp_wrappers,7.6
tcp_wrappers-libs,7.6
teamd,1.27
tuned,2.9.0
tzdata,2018e
ustr,1.0.4
util-linux,2.23.2
vim-minimal,7.4.160
virt-what,1.18
which,2.20
wpa_supplicant,2.6
xfsprogs,4.5.0
xmlsec1,1.2.20
xmlsec1-openssl,1.2.20
xz,5.2.2
xz-libs,5.2.2
yum,3.4.3
yum-metadata-parser,1.1.4
yum-plugin-fastestmirror,1.1.31
yum-utils,1.1.31
zlib,1.2.7