Name,Version
GeoIP,1.5.0-11.el7
PyYAML,3.10-11.el7
acl,2.2.51-14.el7
audit,2.8.1-3.el7_5.1
audit-libs,2.8.1-3.el7_5.1
audit-libs-python,2.8.1-3.el7_5.1
authconfig,6.2.8-30.el7
basesystem,10.0-7.el7.centos
bash,4.2.46-30.el7
bind-libs,32:9.9.4-61.el7_5.1
bind-libs-lite,32:9.9.4-61.el7_5.1
bind-license,32:9.9.4-61.el7_5.1
bind-utils,32:9.9.4-61.el7_5.1
binutils,2.27-28.base.el7_5.1
btrfs-progs,4.9.1-1.el7
bzip2-libs,1.0.6-13.el7
ca-certificates,2018.2.22-70.0.el7_5
centos-release,7-5.1804.5.el7.centos
checkpolicy,2.5-6.el7
chkconfig,1.7.4-1.el7
chrony,3.2-2.el7
cloud-utils-growpart,0.29-2.el7
coreutils,8.22-21.el7
cpio,2.11-27.el7
cracklib,2.9.0-11.el7
cracklib-dicts,2.9.0-11.el7
cronie,1.4.11-19.el7
cronie-anacron,1.4.11-19.el7
crontabs,1.11-6.20121102git.el7
cryptsetup-libs,1.7.4-4.el7
curl,7.29.0-46.el7
cyrus-sasl-lib,2.1.26-23.el7
dbus,1:1.10.24-7.el7
dbus-glib,0.100-7.el7
dbus-libs,1:1.10.24-7.el7
dbus-python,1.1.1-9.el7
device-mapper,7:1.02.146-4.el7
device-mapper-libs,7:1.02.146-4.el7
dhclient,12:4.2.5-68.el7.centos.1
dhcp-common,12:4.2.5-68.el7.centos.1
dhcp-libs,12:4.2.5-68.el7.centos.1
diffutils,3.3-4.el7
dmidecode,1:3.0-5.el7
dracut,033-535.el7_5.1
dracut-config-generic,033-535.el7_5.1
dracut-config-rescue,033-535.el7_5.1
dracut-network,033-535.el7_5.1
e2fsprogs,1.42.9-12.el7_5
e2fsprogs-libs,1.42.9-12.el7_5
elfutils-default-yama-scope,0.170-4.el7
elfutils-libelf,0.170-4.el7
elfutils-libs,0.170-4.el7
epel-release,7-11
ethtool,2:4.8-7.el7
expat,2.1.0-10.el7_3
file,5.11-33.el7
file-libs,5.11-33.el7
filesystem,3.2-25.el7
findutils,1:4.5.11-5.el7
fipscheck,1.4.1-6.el7
fipscheck-lib,1.4.1-6.el7
freetype,2.4.11-15.el7
fuse,2.9.2-10.el7
fuse-libs,2.9.2-10.el7
gawk,4.0.2-4.el7_3.1
gdbm,1.10-8.el7
gettext,0.19.8.1-2.el7
gettext-libs,0.19.8.1-2.el7
glib2,2.54.2-2.el7
glibc,2.17-222.el7
glibc-common,2.17-222.el7
gmp,1:6.0.0-15.el7
gnupg2,2.0.22-5.el7_5
gobject-introspection,1.50.0-1.el7
gpgme,1.3.2-5.el7
grep,2.20-3.el7
groff-base,1.22.2-8.el7
grub2,1:2.02-0.65.el7.centos.2
grub2-common,1:2.02-0.65.el7.centos.2
grub2-pc,1:2.02-0.65.el7.centos.2
grub2-pc-modules,1:2.02-0.65.el7.centos.2
grub2-tools,1:2.02-0.65.el7.centos.2
grub2-tools-extra,1:2.02-0.65.el7.centos.2
grub2-tools-minimal,1:2.02-0.65.el7.centos.2
grubby,8.28-23.el7
gssproxy,0.7.0-17.el7
gzip,1.5-10.el7
hardlink,1:1.0-19.el7
hostname,3.13-3.el7
hwdata,0.252-8.8.el7
info,5.1-5.el7
initscripts,9.49.41-1.el7_5.2
iproute,4.11.0-14.el7
iptables,1.4.21-24.1.el7_5
iputils,20160308-10.el7
irqbalance,3:1.0.7-11.el7
iwl7265-firmware,22.0.7.0-62.2.el7_5
jansson,2.10-1.el7
kbd,1.15.5-13.el7
kbd-legacy,1.15.5-13.el7
kbd-misc,1.15.5-13.el7
kernel,3.10.0-862.14.4.el7
kernel-tools,3.10.0-862.14.4.el7
kernel-tools-libs,3.10.0-862.14.4.el7
kexec-tools,2.0.15-13.el7_5.2
keyutils,1.5.8-3.el7
keyutils-libs,1.5.8-3.el7
kmod,20-21.el7
kmod-libs,20-21.el7
kpartx,0.4.9-119.el7_5.1
krb5-libs,1.15.1-19.el7
less,458-9.el7
libacl,2.2.51-14.el7
libassuan,2.1.0-3.el7
libattr,2.4.46-13.el7
libbasicobjects,0.1.1-29.el7
libblkid,2.23.2-52.el7_5.1
libcap,2.22-9.el7
libcap-ng,0.7.5-4.el7
libcgroup,0.41-15.el7
libcollection,0.7.0-29.el7
libcom_err,1.42.9-12.el7_5
libcroco,0.6.11-1.el7
libcurl,7.29.0-46.el7
libdaemon,0.14-7.el7
libdb,5.3.21-24.el7
libdb-utils,5.3.21-24.el7
libdnet,1.12-13.1.el7
libdrm,2.4.83-2.el7
libedit,3.0-12.20121213cvs.el7
libestr,0.1.9-2.el7
libevent,2.0.21-4.el7
libfastjson,0.99.4-2.el7
libffi,3.0.13-18.el7
libgcc,4.8.5-28.el7_5.1
libgcrypt,1.5.3-14.el7
libgomp,4.8.5-28.el7_5.1
libgpg-error,1.12-3.el7
libicu,50.1.2-15.el7
libidn,1.28-4.el7
libini_config,1.3.1-29.el7
libmnl,1.0.3-7.el7
libmount,2.23.2-52.el7_5.1
libmspack,0.7-0.1.alpha.el7
libndp,1.2-7.el7
libnetfilter_conntrack,1.0.6-1.el7_3
libnfnetlink,1.0.1-4.el7
libnfsidmap,0.25-19.el7
libnl3,3.2.28-4.el7
libnl3-cli,3.2.28-4.el7
libpath_utils,0.2.1-29.el7
libpciaccess,0.14-1.el7
libpipeline,1.2.3-3.el7
libpwquality,1.2.3-5.el7
libref_array,0.1.5-29.el7
libseccomp,2.3.1-3.el7
libselinux,2.5-12.el7
libselinux-python,2.5-12.el7
libselinux-utils,2.5-12.el7
libsemanage,2.5-11.el7
libsemanage-python,2.5-11.el7
libsepol,2.5-8.1.el7
libss,1.42.9-12.el7_5
libssh2,1.4.3-10.el7_2.1
libstdc++,4.8.5-28.el7_5.1
libsysfs,2.1.0-16.el7
libtasn1,4.10-1.el7
libteam,1.27-4.el7
libtirpc,0.2.4-0.10.el7
libtool-ltdl,2.4.2-22.el7_3
libunistring,0.9.3-9.el7
libuser,0.60-9.el7
libutempter,1.1.6-4.el7
libuuid,2.23.2-52.el7_5.1
libverto,0.2.5-4.el7
libverto-libevent,0.2.5-4.el7
libxml2,2.9.1-6.el7_2.3
libxml2-python,2.9.1-6.el7_2.3
libxslt,1.1.28-5.el7
libyaml,0.1.4-11.el7_0
logrotate,3.8.6-15.el7
lshw,B.02.18-12.el7
lsof,4.87-6.el7
lua,5.1.4-15.el7
lz4,1.7.5-2.el7
lzo,2.06-8.el7
make,1:3.82-23.el7
man-db,2.6.3-9.el7
mariadb-libs,1:5.5.60-1.el7_5
microcode_ctl,2:2.1-29.16.el7_5
mozjs17,17.0.0-20.el7
ncurses,5.9-14.20130511.el7_4
ncurses-base,5.9-14.20130511.el7_4
ncurses-libs,5.9-14.20130511.el7_4
net-tools,2.0-0.22.20131004git.el7
newt,0.52.15-4.el7
newt-python,0.52.15-4.el7
nfs-utils,1:1.3.0-0.54.el7
nspr,4.19.0-1.el7_5
nss,3.36.0-7.el7_5
nss-pem,1.0.3-4.el7
nss-softokn,3.36.0-5.el7_5
nss-softokn-freebl,3.36.0-5.el7_5
nss-sysinit,3.36.0-7.el7_5
nss-tools,3.36.0-7.el7_5
nss-util,3.36.0-1.el7_5
numactl-libs,2.0.9-7.el7
one-context,5.6.0-1.el7
open-vm-tools,10.1.10-3.el7_5.1
openldap,2.4.44-15.el7_5
openssh,7.4p1-16.el7
openssh-clients,7.4p1-16.el7
openssh-server,7.4p1-16.el7
openssl,1:1.0.2k-12.el7
openssl-libs,1:1.0.2k-12.el7
os-prober,1.58-9.el7
p11-kit,0.23.5-3.el7
p11-kit-trust,0.23.5-3.el7
pam,1.1.8-22.el7
parted,3.1-29.el7
passwd,0.79-4.el7
pciutils,3.5.1-3.el7
pciutils-libs,3.5.1-3.el7
pcre,8.32-17.el7
pinentry,0.8.1-17.el7
pkgconfig,1:0.27.1-4.el7
policycoreutils,2.5-22.el7
policycoreutils-python,2.5-22.el7
polkit,0.112-14.el7
polkit-pkla-compat,0.1-4.el7
popt,1.13-16.el7
postfix,2:2.10.1-6.el7
procps-ng,3.3.10-17.el7_5.2
pth,2.0.7-23.el7
pygpgme,0.3-9.el7
pyliblzma,0.5.3-11.el7
pyserial,2.6-6.el7
python,2.7.5-69.el7_5
python-IPy,0.75-6.el7
python-babel,0.9.6-8.el7
python-backports,1.0-8.el7
python-backports-ssl_match_hostname,3.5.0.1-1.el7
python-chardet,2.2.1-1.el7_1
python-configobj,4.7.2-7.el7
python-decorator,3.4.0-3.el7
python-gobject-base,3.22.0-1.el7_4.1
python-iniparse,0.4-9.el7
python-ipaddress,1.0.16-2.el7
python-jinja2,2.7.2-2.el7
python-jsonpatch,1.2-4.el7
python-jsonpointer,1.9-2.el7
python-kitchen,1.1.1-5.el7
python-libs,2.7.5-69.el7_5
python-linux-procfs,0.4.9-3.el7
python-markupsafe,0.11-10.el7
python-perf,3.10.0-862.14.4.el7
python-prettytable,0.7.2-3.el7
python-pycurl,7.19.0-19.el7
python-pyudev,0.15-9.el7
python-requests,2.6.0-1.el7_1
python-schedutils,0.4-6.el7
python-setuptools,0.9.8-7.el7
python-six,1.9.0-2.el7
python-urlgrabber,3.10-8.el7
python-urllib3,1.10.2-5.el7
pyxattr,0.5.1-5.el7
qemu-guest-agent,10:2.8.0-2.el7_5.1
qrencode-libs,3.4.1-3.el7
quota,1:4.01-17.el7
quota-nls,1:4.01-17.el7
readline,6.2-10.el7
rootfiles,8.1-11.el7
rpcbind,0.2.0-44.el7
rpm,4.11.3-32.el7
rpm-build-libs,4.11.3-32.el7
rpm-libs,4.11.3-32.el7
rpm-python,4.11.3-32.el7
rsync,3.1.2-4.el7
rsyslog,8.24.0-16.el7_5.4
ruby,2.0.0.648-33.el7_4
ruby-irb,2.0.0.648-33.el7_4
ruby-libs,2.0.0.648-33.el7_4
rubygem-bigdecimal,1.2.0-33.el7_4
rubygem-io-console,0.4.2-33.el7_4
rubygem-json,1.7.7-33.el7_4
rubygem-psych,2.0.0-33.el7_4
rubygem-rdoc,4.0.0-33.el7_4
rubygems,2.0.14.1-33.el7_4
sed,4.2.2-5.el7
selinux-policy,3.13.1-192.el7_5.6
selinux-policy-targeted,3.13.1-192.el7_5.6
setools-libs,3.3.8-2.el7
setup,2.8.71-9.el7
sg3_utils,1.37-12.el7
sg3_utils-libs,1.37-12.el7
shadow-utils,2:4.1.5.1-24.el7
shared-mime-info,1.8-4.el7
slang,2.2.4-11.el7
snappy,1.1.0-3.el7
sqlite,3.7.17-8.el7
sudo,1.8.19p2-14.el7_5
systemd,219-57.el7_5.3
systemd-libs,219-57.el7_5.3
systemd-sysv,219-57.el7_5.3
sysvinit-tools,2.88-14.dsf.el7
tar,2:1.26-34.el7
tcp_wrappers,7.6-77.el7
tcp_wrappers-libs,7.6-77.el7
teamd,1.27-4.el7
tuned,2.9.0-1.el7_5.2
tzdata,2018e-3.el7
ustr,1.0.4-16.el7
util-linux,2.23.2-52.el7_5.1
vim-minimal,2:7.4.160-4.el7
virt-what,1.18-4.el7
which,2.20-7.el7
wpa_supplicant,1:2.6-9.el7
xfsprogs,4.5.0-15.el7
xmlsec1,1.2.20-7.el7_4
xmlsec1-openssl,1.2.20-7.el7_4
xz,5.2.2-1.el7
xz-libs,5.2.2-1.el7
yum,3.4.3-158.el7.centos
yum-metadata-parser,1.1.4-10.el7
yum-plugin-fastestmirror,1.1.31-46.el7_5
yum-utils,1.1.31-46.el7_5
zlib,1.2.7-17.el7