Name,Status
auditd.service,running
chronyd.service,running
crond.service,running
dbus.service,running
getty@tty1.service,running
gssproxy.service,running
kdump.service,exited
kmod-static-nodes.service,exited
network.service,exited
one-context-local.service,exited
one-context.service,exited
polkit.service,running
postfix.service,running
rhel-dmesg.service,exited
rhel-domainname.service,exited
rhel-import-state.service,exited
rhel-readonly.service,exited
rpcbind.service,running
rsyslog.service,running
sshd.service,running
systemd-journal-flush.service,exited
systemd-journald.service,running
systemd-logind.service,running
systemd-random-seed.service,exited
systemd-remount-fs.service,exited
systemd-sysctl.service,exited
systemd-tmpfiles-setup-dev.service,exited
systemd-tmpfiles-setup.service,exited
systemd-udev-settle.service,exited
systemd-udev-trigger.service,exited
systemd-udevd.service,running
systemd-update-utmp.service,exited
systemd-user-sessions.service,exited
systemd-vconsole-setup.service,exited
tuned.service,running