"RuleName","Action","Direction","Protocol","LocalPort","RemotePort"
"Allow WinRM HTTPS",,"In","TCP","5986","Any"
"Core Networking - Destination Unreachable (ICMPv6-In)",,"In","ICMPv6","68","67"
"Core Networking - Destination Unreachable Fragmentation Needed (ICMPv4-In)",,"In","ICMPv4","68","67"
"Core Networking - Dynamic Host Configuration Protocol (DHCP-In)",,"In","UDP","68","67"
"Core Networking - Dynamic Host Configuration Protocol for IPv6(DHCPV6-In)",,"In","UDP","546","547"
"Core Networking - Internet Group Management Protocol (IGMP-In)",,"In","2","68","67"
"Core Networking - IPHTTPS (TCP-In)",,"In","TCP","IPHTTPS","Any"
"Core Networking - IPv6 (IPv6-In)",,"In","41","Any","445"
"Core Networking - Multicast Listener Done (ICMPv6-In)",,"In","ICMPv6","68","67"
"Core Networking - Multicast Listener Query (ICMPv6-In)",,"In","ICMPv6","68","67"
"Core Networking - Multicast Listener Report (ICMPv6-In)",,"In","ICMPv6","68","67"
"Core Networking - Multicast Listener Report v2 (ICMPv6-In)",,"In","ICMPv6","68","67"
"Core Networking - Neighbor Discovery Advertisement (ICMPv6-In)",,"In","ICMPv6","68","67"
"Core Networking - Neighbor Discovery Solicitation (ICMPv6-In)",,"In","ICMPv6","68","67"
"Core Networking - Packet Too Big (ICMPv6-In)",,"In","ICMPv6","68","67"
"Core Networking - Parameter Problem (ICMPv6-In)",,"In","ICMPv6","68","67"
"Core Networking - Router Advertisement (ICMPv6-In)",,"In","ICMPv6","68","67"
"Core Networking - Router Solicitation (ICMPv6-In)",,"In","ICMPv6","68","67"
"Core Networking - Teredo (UDP-In)",,"In","UDP","Teredo","Any"
"Core Networking - Time Exceeded (ICMPv6-In)",,"In","ICMPv6","68","67"
"Google Chrome (mDNS-In)",,"In","UDP","5353","Any"
"Network Discovery (LLMNR-UDP-In)",,"In","UDP","5355","Any"
"Network Discovery (NB-Datagram-In)",,"In","UDP","138","Any"
"Network Discovery (NB-Name-In)",,"In","UDP","137","Any"
"Network Discovery (Pub-WSD-In)",,"In","UDP","3702","Any"
"Network Discovery (SSDP-In)",,"In","UDP","1900","Any"
"Network Discovery (UPnP-In)",,"In","TCP","2869","Any"
"Network Discovery (WSD Events-In)",,"In","TCP","5357","Any"
"Network Discovery (WSD EventsSecure-In)",,"In","TCP","5358","Any"
"Network Discovery (WSD-In)",,"In","UDP","3702","Any"
"Networking - Echo Request (ICMPv4-In)",,"In","ICMPv4","808","Any"
"Networking - Echo Request (ICMPv4-In)",,"In","ICMPv4","808","Any"
"Networking - Echo Request (ICMPv6-In)",,"In","ICMPv6","808","Any"
"Networking - Echo Request (ICMPv6-In)",,"In","ICMPv6","808","Any"
"Remote Assistance (DCOM-In)",,"In","TCP","135","Any"
"Remote Assistance (PNRP-In)",,"In","UDP","3540","Any"
"Remote Assistance (RA Server TCP-In)",,"In","TCP","Any","Any"
"Remote Assistance (SSDP TCP-In)",,"In","TCP","2869","Any"
"Remote Assistance (SSDP UDP-In)",,"In","UDP","1900","Any"
"Remote Assistance (TCP-In)",,"In","TCP","Any","Any"
"Remote Desktop (TCP-In)",,"In","TCP","3389","Any"
"Windows Remote Management (HTTP-In)",,"In","TCP","5985","Any"
"Windows Remote Management (HTTP-In)",,"In","TCP","5985","Any"
"Core Networking - DNS (UDP-Out)",,"Out","UDP","Any","53"
"Core Networking - Dynamic Host Configuration Protocol (DHCP-Out)",,"Out","UDP","68","67"
"Core Networking - Dynamic Host Configuration Protocol for IPv6(DHCPV6-Out)",,"Out","UDP","546","547"
"Core Networking - Group Policy (LSASS-Out)",,"Out","TCP","Any","Any"
"Core Networking - Group Policy (NP-Out)",,"Out","TCP","Any","445"
"Core Networking - Group Policy (TCP-Out)",,"Out","TCP","Any","Any"
"Core Networking - Internet Group Management Protocol (IGMP-Out)",,"Out","2","68","67"
"Core Networking - IPHTTPS (TCP-Out)",,"Out","TCP","Any","IPHTTPS"
"Core Networking - IPv6 (IPv6-Out)",,"Out","41","Any","445"
"Core Networking - Multicast Listener Done (ICMPv6-Out)",,"Out","ICMPv6","68","67"
"Core Networking - Multicast Listener Query (ICMPv6-Out)",,"Out","ICMPv6","68","67"
"Core Networking - Multicast Listener Report (ICMPv6-Out)",,"Out","ICMPv6","68","67"
"Core Networking - Multicast Listener Report v2 (ICMPv6-Out)",,"Out","ICMPv6","68","67"
"Core Networking - Neighbor Discovery Advertisement (ICMPv6-Out)",,"Out","ICMPv6","68","67"
"Core Networking - Neighbor Discovery Solicitation (ICMPv6-Out)",,"Out","ICMPv6","68","67"
"Core Networking - Packet Too Big (ICMPv6-Out)",,"Out","ICMPv6","68","67"
"Core Networking - Parameter Problem (ICMPv6-Out)",,"Out","ICMPv6","68","67"
"Core Networking - Router Advertisement (ICMPv6-Out)",,"Out","ICMPv6","68","67"
"Core Networking - Router Solicitation (ICMPv6-Out)",,"Out","ICMPv6","68","67"
"Core Networking - Teredo (UDP-Out)",,"Out","UDP","Any","Any"
"Core Networking - Time Exceeded (ICMPv6-Out)",,"Out","ICMPv6","68","67"
"Network Discovery (LLMNR-UDP-Out)",,"Out","UDP","Any","5355"
"Network Discovery (NB-Datagram-Out)",,"Out","UDP","Any","138"
"Network Discovery (NB-Name-Out)",,"Out","UDP","Any","137"
"Network Discovery (Pub WSD-Out)",,"Out","UDP","Any","3702"
"Network Discovery (SSDP-Out)",,"Out","UDP","Any","1900"
"Network Discovery (UPnPHost-Out)",,"Out","TCP","Any","Any"
"Network Discovery (UPnP-Out)",,"Out","TCP","Any","Any"
"Network Discovery (WSD Events-Out)",,"Out","TCP","Any","5357"
"Network Discovery (WSD EventsSecure-Out)",,"Out","TCP","Any","5358"
"Network Discovery (WSD-Out)",,"Out","UDP","Any","3702"
"Remote Assistance (PNRP-Out)",,"Out","UDP","Any","Any"
"Remote Assistance (RA Server TCP-Out)",,"Out","TCP","Any","Any"
"Remote Assistance (SSDP TCP-Out)",,"Out","TCP","Any","Any"
"Remote Assistance (SSDP UDP-Out)",,"Out","UDP","Any","1900"
"Remote Assistance (TCP-Out)",,"Out","TCP","Any","Any"
