"Name","Status"
"AeLookupSvc","Stopped"
"ALG","Stopped"
"AppIDSvc","Stopped"
"Appinfo","Running"
"AppMgmt","Stopped"
"aspnet_state","Stopped"
"AudioEndpointBuilder","Running"
"AudioSrv","Running"
"AxInstSV","Stopped"
"BDESVC","Stopped"
"BFE","Running"
"BITS","Running"
"Browser","Stopped"
"bthserv","Stopped"
"CertPropSvc","Running"
"clr_optimization_v2.0.50727_32","Stopped"
"clr_optimization_v2.0.50727_64","Stopped"
"clr_optimization_v4.0.30319_32","Stopped"
"clr_optimization_v4.0.30319_64","Stopped"
"COMSysApp","Stopped"
"CryptSvc","Running"
"CscService","Running"
"DcomLaunch","Running"
"defragsvc","Stopped"
"Dhcp","Running"
"Dnscache","Running"
"dot3svc","Stopped"
"DPS","Running"
"EapHost","Stopped"
"EFS","Stopped"
"ehRecvr","Stopped"
"ehSched","Stopped"
"eventlog","Running"
"EventSystem","Running"
"Fax","Stopped"
"fdPHost","Running"
"FDResPub","Running"
"FontCache","Running"
"FontCache3.0.0.0","Stopped"
"GoogleChromeElevationService","Stopped"
"gpsvc","Running"
"gupdate","Stopped"
"gupdatem","Stopped"
"hidserv","Stopped"
"hkmsvc","Stopped"
"HomeGroupListener","Stopped"
"HomeGroupProvider","Running"
"idsvc","Stopped"
"IKEEXT","Stopped"
"IPBusEnum","Stopped"
"iphlpsvc","Running"
"KeyIso","Running"
"KtmRm","Stopped"
"LanmanServer","Running"
"LanmanWorkstation","Running"
"lltdsvc","Stopped"
"lmhosts","Running"
"Mcx2Svc","Stopped"
"MMCSS","Stopped"
"MpsSvc","Running"
"MSDTC","Stopped"
"MSiSCSI","Stopped"
"msiserver","Running"
"napagent","Stopped"
"Netlogon","Stopped"
"Netman","Running"
"NetMsmqActivator","Stopped"
"NetPipeActivator","Stopped"
"netprofm","Running"
"NetTcpActivator","Stopped"
"NetTcpPortSharing","Stopped"
"NlaSvc","Running"
"nsi","Running"
"onecontext","Running"
"p2pimsvc","Stopped"
"p2psvc","Stopped"
"PcaSvc","Running"
"PeerDistSvc","Stopped"
"PerfHost","Stopped"
"pla","Stopped"
"PlugPlay","Running"
"PNRPAutoReg","Stopped"
"PNRPsvc","Stopped"
"PolicyAgent","Running"
"Power","Running"
"ProfSvc","Running"
"ProtectedStorage","Stopped"
"QWAVE","Stopped"
"RasAuto","Stopped"
"RasMan","Stopped"
"RemoteAccess","Stopped"
"RemoteRegistry","Stopped"
"RpcEptMapper","Running"
"RpcLocator","Stopped"
"RpcSs","Running"
"SamSs","Running"
"SCardSvr","Stopped"
"Schedule","Running"
"SCPolicySvc","Stopped"
"SDRSVC","Stopped"
"seclogon","Stopped"
"SENS","Running"
"SensrSvc","Stopped"
"SessionEnv","Running"
"SharedAccess","Stopped"
"ShellHWDetection","Running"
"SNMPTRAP","Stopped"
"Spooler","Running"
"sppsvc","Stopped"
"sppuinotify","Stopped"
"SSDPSRV","Running"
"SstpSvc","Stopped"
"stisvc","Stopped"
"swprv","Stopped"
"SysMain","Stopped"
"TabletInputService","Stopped"
"TapiSrv","Stopped"
"TBS","Stopped"
"TermService","Running"
"Themes","Running"
"THREADORDER","Stopped"
"TrkWks","Running"
"TrustedInstaller","Stopped"
"UI0Detect","Stopped"
"UmRdpService","Running"
"upnphost","Stopped"
"UxSms","Running"
"VaultSvc","Stopped"
"vds","Stopped"
"VSS","Stopped"
"W32Time","Stopped"
"wbengine","Stopped"
"WbioSrvc","Stopped"
"wcncsvc","Stopped"
"WcsPlugInService","Stopped"
"WdiServiceHost","Running"
"WdiSystemHost","Stopped"
"WebClient","Stopped"
"Wecsvc","Stopped"
"wercplsupport","Stopped"
"WerSvc","Stopped"
"WinDefend","Running"
"WinHttpAutoProxySvc","Stopped"
"Winmgmt","Running"
"WinRM","Running"
"Wlansvc","Stopped"
"wmiApSrv","Stopped"
"WMPNetworkSvc","Running"
"WPCSvc","Stopped"
"WPDBusEnum","Stopped"
"wscsvc","Running"
"WSearch","Running"
"wuauserv","Running"
"wudfsvc","Stopped"
"WwanSvc","Stopped"
