Name,Version
musl,1.1.19-r10
acct,6.6.4-r0
busybox,1.28.4-r0
alpine-baselayout,3.1.0-r0
openrc,0.35.5-r4
alpine-conf,3.8.0-r0
libressl2.7-libcrypto,2.7.4-r0
libressl2.7-libssl,2.7.4-r0
libressl2.7-libtls,2.7.4-r0
ssl_client,1.28.4-r0
zlib,1.2.11-r1
apk-tools,2.10.0-r0
busybox-suid,1.28.4-r0
busybox-initscripts,3.1-r3
scanelf,1.2.3-r0
musl-utils,1.1.19-r10
libc-utils,0.7.1-r0
alpine-keys,2.1-r1
alpine-base,3.8.0-r0
libuuid,2.32-r0
libblkid,2.32-r0
libcom_err,1.44.2-r0
e2fsprogs-libs,1.44.2-r0
e2fsprogs,1.44.2-r0
lddtree,1.26-r1
argon2-libs,20171227-r1
device-mapper-libs,2.02.178-r0
json-c,0.13.1-r0
cryptsetup-libs,2.0.2-r3
xz-libs,5.2.4-r0
kmod,24-r1
kmod-openrc,24-r1
mkinitfs,3.3.0-r1
linux-firmware-yamaha,20180615-r2
linux-firmware-yam,20180615-r2
linux-firmware-vxge,20180615-r2
linux-firmware-vicam,20180615-r2
linux-firmware-ueagle-atm,20180615-r2
linux-firmware-ttusb-budget,20180615-r2
linux-firmware-tigon,20180615-r2
linux-firmware-ti-keystone,20180615-r2
linux-firmware-ti-connectivity,20180615-r2
linux-firmware-tehuti,20180615-r2
linux-firmware-sxg,20180615-r2
linux-firmware-sun,20180615-r2
linux-firmware-slicoss,20180615-r2
linux-firmware-sb16,20180615-r2
linux-firmware-rtlwifi,20180615-r2
linux-firmware-rtl_nic,20180615-r2
linux-firmware-rtl_bt,20180615-r2
linux-firmware-rtl8192e,20180615-r2
linux-firmware-rsi,20180615-r2
linux-firmware-rockchip,20180615-r2
linux-firmware-radeon,20180615-r2
linux-firmware-r128,20180615-r2
linux-firmware-qlogic,20180615-r2
linux-firmware-qed,20180615-r2
linux-firmware-qcom,20180615-r2
linux-firmware-qca,20180615-r2
linux-firmware-ositech,20180615-r2
linux-firmware-nvidia,20180615-r2
linux-firmware-netronome,20180615-r2
linux-firmware-myricom,20180615-r2
linux-firmware-mwlwifi,20180615-r2
linux-firmware-mwl8k,20180615-r2
linux-firmware-mrvl,20180615-r2
linux-firmware-moxa,20180615-r2
linux-firmware-mellanox,20180615-r2
linux-firmware-matrox,20180615-r2
linux-firmware-liquidio,20180615-r2
linux-firmware-libertas,20180615-r2
linux-firmware-korg,20180615-r2
linux-firmware-keyspan_pda,20180615-r2
linux-firmware-keyspan,20180615-r2
linux-firmware-kaweth,20180615-r2
linux-firmware-isci,20180615-r2
linux-firmware-intel,20180615-r2
linux-firmware-imx,20180615-r2
linux-firmware-i915,20180615-r2
linux-firmware-go7007,20180615-r2
linux-firmware-ess,20180615-r2
linux-firmware-ene-ub6250,20180615-r2
linux-firmware-emi62,20180615-r2
linux-firmware-emi26,20180615-r2
linux-firmware-edgeport,20180615-r2
linux-firmware-e100,20180615-r2
linux-firmware-dsp56k,20180615-r2
linux-firmware-dabusb,20180615-r2
linux-firmware-cxgb4,20180615-r2
linux-firmware-cxgb3,20180615-r2
linux-firmware-cpia2,20180615-r2
linux-firmware-cis,20180615-r2
linux-firmware-cavium,20180615-r2
linux-firmware-carl9170fw,20180615-r2
linux-firmware-brcm,20180615-r2
linux-firmware-bnx2x,20180615-r2
linux-firmware-bnx2,20180615-r2
linux-firmware-av7110,20180615-r2
linux-firmware-atusb,20180615-r2
linux-firmware-atmel,20180615-r2
linux-firmware-ath9k_htc,20180615-r2
linux-firmware-ath6k,20180615-r2
linux-firmware-ath10k,20180615-r2
linux-firmware-ar3k,20180615-r2
linux-firmware-amdgpu,20180615-r2
linux-firmware-amd-ucode,20180615-r2
linux-firmware-advansys,20180615-r2
linux-firmware-adaptec,20180615-r2
linux-firmware-acenic,20180615-r2
linux-firmware,3com-20180615-r2
linux-firmware-other,20180615-r2
linux-firmware,20180615-r2
linux-vanilla,4.14.52-r0
openssh-keygen,7.7_p1-r2
openssh-client,7.7_p1-r2
openssh-sftp-server,7.7_p1-r2
openssh-server-common,7.7_p1-r2
openssh-server,7.7_p1-r2
openssh,7.7_p1-r2
mtools,4.0.18-r2
blkid,2.32-r0
syslinux,6.04_pre1-r1
ncurses-terminfo-base,6.1_p20180818-r1
ncurses-terminfo,6.1_p20180818-r1
ncurses-libs,6.1_p20180818-r1
readline,7.0.003-r0
libffi,3.2.1-r4
one-context,0.5.5-r0
libbz2,1.0.6-r6
expat,2.2.5-r0
gdbm,1.13-r1
sqlite-libs,3.25.3-r0
python3,3.6.6-r0
lsof,4.91-r0
python2,2.7.15-r1