Name,Version
musl,1.1.19
acct,6.6.4
busybox,1.28.4
alpine-baselayout,3.1.0
openrc,0.35.5
alpine-conf,3.8.0
libressl2.7-libcrypto,2.7.4
libressl2.7-libssl,2.7.4
libressl2.7-libtls,2.7.4
ssl_client,1.28.4
zlib,1.2.11
apk-tools,2.10.0
busybox-suid,1.28.4
busybox-initscripts,3.1
scanelf,1.2.3
musl-utils,1.1.19
libc-utils,0.7.1
alpine-keys,2.1
alpine-base,3.8.0
libuuid,2.32
libblkid,2.32
libcom_err,1.44.2
e2fsprogs-libs,1.44.2
e2fsprogs,1.44.2
lddtree,1.26
argon2-libs,20171227
device-mapper-libs,2.02.178
json-c,0.13.1
cryptsetup-libs,2.0.2
xz-libs,5.2.4
kmod,24
kmod-openrc,24
mkinitfs,3.3.0
linux-firmware-yamaha,20180615
linux-firmware-yam,20180615
linux-firmware-vxge,20180615
linux-firmware-vicam,20180615
linux-firmware-ueagle-atm,20180615
linux-firmware-ttusb-budget,20180615
linux-firmware-tigon,20180615
linux-firmware-ti-keystone,20180615
linux-firmware-ti-connectivity,20180615
linux-firmware-tehuti,20180615
linux-firmware-sxg,20180615
linux-firmware-sun,20180615
linux-firmware-slicoss,20180615
linux-firmware-sb16,20180615
linux-firmware-rtlwifi,20180615
linux-firmware-rtl_nic,20180615
linux-firmware-rtl_bt,20180615
linux-firmware-rtl8192e,20180615
linux-firmware-rsi,20180615
linux-firmware-rockchip,20180615
linux-firmware-radeon,20180615
linux-firmware-r128,20180615
linux-firmware-qlogic,20180615
linux-firmware-qed,20180615
linux-firmware-qcom,20180615
linux-firmware-qca,20180615
linux-firmware-ositech,20180615
linux-firmware-nvidia,20180615
linux-firmware-netronome,20180615
linux-firmware-myricom,20180615
linux-firmware-mwlwifi,20180615
linux-firmware-mwl8k,20180615
linux-firmware-mrvl,20180615
linux-firmware-moxa,20180615
linux-firmware-mellanox,20180615
linux-firmware-matrox,20180615
linux-firmware-liquidio,20180615
linux-firmware-libertas,20180615
linux-firmware-korg,20180615
linux-firmware-keyspan_pda,20180615
linux-firmware-keyspan,20180615
linux-firmware-kaweth,20180615
linux-firmware-isci,20180615
linux-firmware-intel,20180615
linux-firmware-imx,20180615
linux-firmware-i915,20180615
linux-firmware-go7007,20180615
linux-firmware-ess,20180615
linux-firmware-ene-ub6250,20180615
linux-firmware-emi62,20180615
linux-firmware-emi26,20180615
linux-firmware-edgeport,20180615
linux-firmware-e100,20180615
linux-firmware-dsp56k,20180615
linux-firmware-dabusb,20180615
linux-firmware-cxgb4,20180615
linux-firmware-cxgb3,20180615
linux-firmware-cpia2,20180615
linux-firmware-cis,20180615
linux-firmware-cavium,20180615
linux-firmware-carl9170fw,20180615
linux-firmware-brcm,20180615
linux-firmware-bnx2x,20180615
linux-firmware-bnx2,20180615
linux-firmware-av7110,20180615
linux-firmware-atusb,20180615
linux-firmware-atmel,20180615
linux-firmware-ath9k_htc,20180615
linux-firmware-ath6k,20180615
linux-firmware-ath10k,20180615
linux-firmware-ar3k,20180615
linux-firmware-amdgpu,20180615
linux-firmware-amd-ucode,20180615
linux-firmware-advansys,20180615
linux-firmware-adaptec,20180615
linux-firmware-acenic,20180615
linux-firmware,3com-20180615
linux-firmware-other,20180615
linux-firmware,20180615
linux-vanilla,4.14.52
openssh-keygen,7.7_p1
openssh-client,7.7_p1
openssh-sftp-server,7.7_p1
openssh-server-common,7.7_p1
openssh-server,7.7_p1
openssh,7.7_p1
mtools,4.0.18
blkid,2.32
syslinux,6.04_pre1
ncurses-terminfo-base,6.1_p20180818
ncurses-terminfo,6.1_p20180818
ncurses-libs,6.1_p20180818
readline,7.0.003
libffi,3.2.1
one-context,0.5.5
libbz2,1.0.6
expat,2.2.5
gdbm,1.13
sqlite-libs,3.25.3
python2,2.7.15
lsof,4.91
libmnl,1.0.4
jansson,2.11
libnftnl-libs,1.1.1
iptables,1.6.2