Name,Status
sysfs,started
devfs,started
dmesg,started
mdev,started
modules,started
hwclock,started
hwdrivers,started
fsck,started
root,started
swap,started
localmount,started
sysctl,started
bootmisc,started
swclock,stopped
vmcontext,stopped
hostname,started
syslog,started
one-context-local,stopped
networking,started
netmount,stopped
crond,started
klogd,stopped
sysfsconf,stopped
one-context,stopped
one-context-reconfigure-delayed,stopped
s6-svscan,stopped
ntpd,stopped
mount-ro,stopped
one-context-force,stopped
rdate,stopped
kmod-static-nodes,stopped
procfs,stopped
agetty,stopped
mtab,stopped
firstboot,stopped
one-context-reconfigure,stopped
loadkmap,stopped
urandom,started
udhcpd,stopped
staticroute,stopped
savecache,stopped
termencoding,stopped
consolefont,stopped
modloop,stopped
net-online,stopped
numlock,stopped
killprocs,stopped
cgroups,stopped
acpid,started
sshd,started
local,stopped
binfmt,stopped
modules-load,stopped
watchdog,stopped
loopback,stopped
runsvdir,stopped
inetd,stopped
httpd,stopped
dnsd,stopped
osclock,stopped