Name,Version
a11y-profile-manager-indicator,0.1.10
account-plugin-facebook,0.12
account-plugin-flickr,0.12
account-plugin-google,0.12
accountsservice,0.6.40
acl,2.2.52
acpi-support,0.142
acpid,2.0.26
activity-log-manager,0.9.7
adduser,3.113
adium-theme-ubuntu,0.3.4
adwaita-icon-theme,3.18.0
aisleriot,3.18.2
alsa-base,1.0.25
alsa-utils,1.1.0
amd64-microcode,3.20180524.1
anacron,2.3
apg,2.2.3.dfsg.1
app-install-data,15.10
app-install-data-partner,16.04
apparmor,2.10.95
appmenu-qt:amd64,0.2.7
appmenu-qt5,0.3.0
apport,2.20.1
apport-gtk,2.20.1
apport-symptoms,0.20
appstream,0.9.4
apt,1.2.29
apt-transport-https,1.2.29
apt-utils,1.2.29
aptdaemon,1.1.1
aptdaemon-data,1.1.1
apturl,0.5.2
apturl-common,0.5.2
aspcud,1.9.1
aspell,0.60.7
aspell-en,7.1
at-spi2-core,2.18.3
autoconf,2.69
automake,1.15
autotools-dev,20150820.1
avahi-autoipd,0.6.32
avahi-daemon,0.6.32
avahi-utils,0.6.32
bamfdaemon,0.5.3
baobab,3.18.1
base-files,9.4
base-passwd,3.5.39
bash,4.3
bash-completion,2.1
bbswitch-dkms,0.8
bc,1.06.95
bind9-host,9.10.3.dfsg.P4
binfmt-support,2.1.6
binutils,2.26.1
binutils-dev,2.26.1
bison,3.0.4.dfsg
blt,2.5.3
bluez,5.37
bluez-cups,5.37
bluez-obexd,5.37
branding-ubuntu,0.8
brltty,5.3.1
bsdmainutils,9.0.6
bsdutils,2.27.1
build-essential,12.1
busybox-initramfs,1.22.0
busybox-static,1.22.0
bzip2,1.0.6
bzip2-doc,1.0.6
bzr,2.7.0
ca-certificates,20170717
ca-certificates-java,20160321
camlidl,1.05
camlp4,4.02.1
certbot,0.22.2
checkbox-converged,1.2.4
checkbox-gui,1.2.4
cheese,3.18.1
cheese-common,3.18.1
chromium-codecs-ffmpeg-extra,71.0.3578.98
clasp,3.1.4
cmake,3.5.1
cmake-data,3.5.1
colord,1.2.12
colord-data,1.2.12
comerr-dev,2.1
command-not-found,0.3
command-not-found-data,0.3
compiz,0.9.12.3
compiz-core,0.9.12.3
compiz-gnome,0.9.12.3
compiz-plugins-default:amd64,0.9.12.3
console-setup,1.108
console-setup-linux,1.108
coreutils,8.25
cpio,2.11
cpp,5.3.1
cpp-4.8,4.8.5
cpp-5,5.4.0
cpu-checker,0.7
cracklib-runtime,2.9.2
crda,3.13
cron,3.0pl1
cups,2.1.3
cups-browsed,1.8.3
cups-bsd,2.1.3
cups-client,2.1.3
cups-common,2.1.3
cups-core-drivers,2.1.3
cups-daemon,2.1.3
cups-filters,1.8.3
cups-filters-core-drivers,1.8.3
cups-pk-helper,0.2.5
cups-ppdc,2.1.3
cups-server-common,2.1.3
curl,7.47.0
darcs,2.10.2
dash,0.5.8
dbus,1.10.6
dbus-x11,1.10.6
dc,1.06.95
dconf-cli,0.24.0
dconf-gsettings-backend:amd64,0.24.0
dconf-service,0.24.0
debconf,1.5.58
debconf-i18n,1.5.58
debhelper,9.20160115
debianutils,4.7
deja-dup,34.2
deluge,1.3.12
deluge-common,1.3.12
deluge-gtk,1.3.12
desktop-file-utils,0.22
dh-python,2.20151103
dh-strip-nondeterminism,0.015
dictionaries-common,1.26.3
diffstat,1.61
diffutils,3.3
dirmngr,2.1.11
distro-info-data,0.28
dkms,2.2.0.3
dmidecode,3.0
dmz-cursor-theme,0.4.4
dns-root-data,2018013001
dnsmasq-base,2.75
dnsutils,9.10.3.dfsg.P4
doc-base,0.10.7
docutils-common,0.12
docutils-doc,0.12
dosfstools,3.0.28
dpkg,1.18.4
dpkg-dev,1.18.4
dsniff,2.4b1
dwarfdump,20120410
e2fslibs:amd64,1.42.13
e2fsprogs,1.42.13
ed,1.10
efibootmgr,0.12
eject,2.1.5
emacs,46.1
emacs24,24.5
emacs24-bin-common,24.5
emacs24-common,24.5
emacs24-common-non-dfsg,24.4
emacs24-el,24.5
emacsen-common,2.0.8
enchant,1.6.0
eog,3.18.2
espeak-data:amd64,1.48.04
ethtool,4.5
ettercap-common,0.8.2
ettercap-graphical,0.8.2
evince,3.18.2
evince-common,3.18.2
evolution-data-server,3.18.5
evolution-data-server-common,3.18.5
evolution-data-server-online-accounts,3.18.5
example-content,49
exfat-fuse,1.2.3
exfat-utils,1.2.3
fakeroot,1.20.2
file,5.25
file-roller,3.16.5
findutils,4.6.0
firefox,64.0
firefox-locale-en,64.0
firefox-locale-it,64.0
flashplugin-installer,32.0.0.114
flex,2.6.0
fontconfig,2.11.94
fontconfig-config,2.11.94
fonts-dejavu-core,2.35
fonts-dejavu-extra,2.35
fonts-freefont-ttf,20120503
fonts-guru,1.2
fonts-guru-extra,2.0
fonts-kacst,2.01
fonts-kacst-one,5.0
fonts-khmeros-core,5.0
fonts-lao,0.0.20060226
fonts-lato,2.0
fonts-liberation,1.07.4
fonts-lklug-sinhala,0.6
fonts-lohit-guru,2.5.3
fonts-lyx,2.1.4
fonts-nanum,20140930
fonts-noto-cjk,1.004
fonts-opensymbol,102.7
fonts-sil-abyssinica,1.500
fonts-sil-padauk,2.80
fonts-stix,1.1.1
fonts-symbola,2.59
fonts-takao-pgothic,003.02.01
fonts-thai-tlwg,0.6.2
fonts-tibetan-machine,1.901b
fonts-tlwg-garuda,0.6.2
fonts-tlwg-garuda-ttf,0.6.2
fonts-tlwg-kinnari,0.6.2
fonts-tlwg-kinnari-ttf,0.6.2
fonts-tlwg-laksaman,0.6.2
fonts-tlwg-laksaman-ttf,0.6.2
fonts-tlwg-loma,0.6.2
fonts-tlwg-loma-ttf,0.6.2
fonts-tlwg-mono,0.6.2
fonts-tlwg-mono-ttf,0.6.2
fonts-tlwg-norasi,0.6.2
fonts-tlwg-norasi-ttf,0.6.2
fonts-tlwg-purisa,0.6.2
fonts-tlwg-purisa-ttf,0.6.2
fonts-tlwg-sawasdee,0.6.2
fonts-tlwg-sawasdee-ttf,0.6.2
fonts-tlwg-typewriter,0.6.2
fonts-tlwg-typewriter-ttf,0.6.2
fonts-tlwg-typist,0.6.2
fonts-tlwg-typist-ttf,0.6.2
fonts-tlwg-typo,0.6.2
fonts-tlwg-typo-ttf,0.6.2
fonts-tlwg-umpush,0.6.2
fonts-tlwg-umpush-ttf,0.6.2
fonts-tlwg-waree,0.6.2
fonts-tlwg-waree-ttf,0.6.2
foomatic-db-compressed-ppds,20160212
freeglut3:amd64,2.8.1
freepats,20060219
friendly-recovery,0.2.31
ftp,0.17
fuse,2.9.4
fuseiso,20070708
fwupd,0.8.3
fwupdate,0.5
fwupdate-signed,1.11.3
g++,5.3.1
g++-4.8,4.8.5
g++-5,5.4.0
g++-5-multilib,5.4.0
g++-multilib,5.3.1
gcc,5.3.1
gcc-4.8,4.8.5
gcc-4.8-base:amd64,4.8.5
gcc-4.8-multilib,4.8.5
gcc-5,5.4.0
gcc-5-base:amd64,5.4.0
gcc-5-base:i386,5.4.0
gcc-5-multilib,5.4.0
gcc-6-base:amd64,6.0.1
gcc-6-base:i386,6.0.1
gcc-multilib,5.3.1
gconf-service,3.2.6
gconf-service-backend,3.2.6
gconf2,3.2.6
gconf2-common,3.2.6
gcr,3.18.0
gdb,7.11.1
gdbserver,7.11.1
gdisk,1.0.1
gedit,3.18.3
gedit-common,3.18.3
genisoimage,1.1.11
geoclue,0.12.99
geoclue-ubuntu-geoip,1.0.2
geoip-database,20160408
gettext,0.19.7
gettext-base,0.19.7
gfortran,5.3.1
gfortran-5,5.4.0
ghostscript,9.26
ghostscript-x,9.26
gir1.2-accounts-1.0:amd64,1.21
gir1.2-appindicator3-0.1,12.10.1
gir1.2-atk-1.0,2.18.0
gir1.2-atspi-2.0,2.18.3
gir1.2-dbusmenu-glib-0.4:amd64,16.04.1
gir1.2-dee-1.0,1.2.7
gir1.2-freedesktop:amd64,1.46.0
gir1.2-gdata-0.0:amd64,0.17.4
gir1.2-gdkpixbuf-2.0:amd64,2.32.2
gir1.2-glib-2.0:amd64,1.46.0
gir1.2-gnomekeyring-1.0,3.12.0
gir1.2-goa-1.0:amd64,3.18.3
gir1.2-gst-plugins-base-1.0,1.8.3
gir1.2-gstreamer-1.0,1.8.3
gir1.2-gtk-3.0:amd64,3.18.9
gir1.2-gtksource-3.0:amd64,3.18.2
gir1.2-gudev-1.0:amd64,230
gir1.2-ibus-1.0:amd64,1.5.11
gir1.2-javascriptcoregtk-4.0:amd64,2.20.5
gir1.2-json-1.0:amd64,1.1.2
gir1.2-notify-0.7,0.7.6
gir1.2-packagekitglib-1.0,0.8.17
gir1.2-pango-1.0:amd64,1.38.1
gir1.2-peas-1.0:amd64,1.16.0
gir1.2-rb-3.0:amd64,3.3
gir1.2-secret-1:amd64,0.18.4
gir1.2-signon-1.0,1.13
gir1.2-soup-2.4,2.52.2
gir1.2-totem-1.0:amd64,3.18.1
gir1.2-totem-plparser-1.0:amd64,3.10.6
gir1.2-udisks-2.0:amd64,2.1.7
gir1.2-unity-5.0:amd64,7.1.4
gir1.2-vte-2.91:amd64,0.42.5
gir1.2-webkit2-4.0:amd64,2.20.5
gir1.2-wnck-3.0:amd64,3.14.1
git,2.7.4
git-core,2.7.4
git-man,2.7.4
gkbd-capplet,3.6.0
glib-networking:amd64,2.48.2
glib-networking-common,2.48.2
glib-networking-services,2.48.2
gnome-accessibility-themes,3.18.0
gnome-bluetooth,3.18.2
gnome-calculator,3.18.3
gnome-calendar,3.20.4
gnome-desktop3-data,3.18.2
gnome-disk-utility,3.18.3.1
gnome-font-viewer,3.16.2
gnome-keyring,3.18.3
gnome-mahjongg,3.18.0
gnome-menus,3.13.3
gnome-mines,3.18.2
gnome-orca,3.18.2
gnome-power-manager,3.18.0
gnome-screensaver,3.6.1
gnome-screenshot,3.18.0
gnome-session-bin,3.18.1.2
gnome-session-canberra,0.30
gnome-session-common,3.18.1.2
gnome-settings-daemon-schemas,3.18.2
gnome-software,3.20.5
gnome-software-common,3.20.5
gnome-sudoku,3.18.4
gnome-system-log,3.9.90
gnome-system-monitor,3.18.2
gnome-terminal,3.18.3
gnome-terminal-data,3.18.3
gnome-user-guide,3.18.1
gnome-user-share,3.14.2
gnome-video-effects,0.4.1
gnupg,1.4.20
gnupg-agent,2.1.11
gnupg2,2.1.11
golang-1.6-go,1.6.2
golang-1.6-race-detector-runtime,0.0
golang-1.6-src,1.6.2
golang-go,1.6
golang-race-detector-runtime,1.6
golang-src,1.6
gpgv,1.4.20
graphviz,2.38.0
grep,2.25
grilo-plugins-0.2-base:amd64,0.2.17
gringo,4.5.4
groff-base,1.22.3
grub-common,2.02
grub-gfxpayload-lists,0.7
grub-pc,2.02
grub-pc-bin,2.02
grub2-common,2.02
gsettings-desktop-schemas,3.18.1
gsettings-ubuntu-schemas,0.0.5
gsfonts,8.11
gstreamer1.0-alsa:amd64,1.8.3
gstreamer1.0-clutter-3.0,3.0.18
gstreamer1.0-fluendo-mp3:amd64,0.10.32.debian
gstreamer1.0-libav:amd64,1.8.3
gstreamer1.0-plugins-bad:amd64,1.8.3
gstreamer1.0-plugins-bad-faad:amd64,1.8.3
gstreamer1.0-plugins-bad-videoparsers:amd64,1.8.3
gstreamer1.0-plugins-base:amd64,1.8.3
gstreamer1.0-plugins-base-apps,1.8.3
gstreamer1.0-plugins-good:amd64,1.8.3
gstreamer1.0-plugins-ugly:amd64,1.8.3
gstreamer1.0-plugins-ugly-amr:amd64,1.8.3
gstreamer1.0-pulseaudio:amd64,1.8.3
gstreamer1.0-tools,1.8.3
gstreamer1.0-x:amd64,1.8.3
gtk2-engines-murrine:amd64,0.98.2
gucharmap,3.18.2
guile-2.0-libs:amd64,2.0.11
gvfs:amd64,1.28.2
gvfs-backends,1.28.2
gvfs-bin,1.28.2
gvfs-common,1.28.2
gvfs-daemons,1.28.2
gvfs-fuse,1.28.2
gvfs-libs:amd64,1.28.2
gzip,1.6
hardening-includes,2.7
hddtemp,0.3
hdparm,9.48
hicolor-icon-theme,0.15
hostname,3.16
hplip,3.16.3
hplip-data,3.16.3
hud,14.10
humanity-icon-theme,0.6.10.1
hunspell-en-us,20070829
hunspell-it,5.1.0
hwdata,0.267
hyphen-en-us,2.8.8
hyphen-it,5.1.0
i965-va-driver:amd64,1.7.0
ibus,1.5.11
ibus-gtk:amd64,1.5.11
ibus-gtk3:amd64,1.5.11
ibus-table,1.9.1
icu-devtools,55.1
ifupdown,0.8.10
im-config,0.29
imagemagick,6.8.9.9
imagemagick-6.q16,6.8.9.9
imagemagick-common,6.8.9.9
indicator-application,12.10.1
indicator-appmenu,15.02.0
indicator-bluetooth,0.0.6
indicator-datetime,15.10
indicator-keyboard,0.0.0
indicator-messages,13.10.1
indicator-power,12.10.6
indicator-printers,0.1.7
indicator-session,12.10.5
indicator-sound,12.10.2
info,6.1.0.dfsg.1
init,1.29
init-system-helpers,1.29
initramfs-tools,0.122
initramfs-tools-bin,0.122
initramfs-tools-core,0.122
initscripts,2.88dsf
inputattach,1.4.9
insserv,1.14.0
install-info,6.1.0.dfsg.1
intel-gpu-tools,1.14
intel-microcode,3.20180807a.0
intltool-debian,0.35.0
ippusbxd,1.23
iproute2,4.3.0
iptables,1.6.0
iputils-arping,20121221
iputils-ping,20121221
iputils-tracepath,20121221
ipxe-qemu,1.0.0
irqbalance,1.1.0
isc-dhcp-client,4.3.3
isc-dhcp-common,4.3.3
iso-codes,3.65
iucode-tool,1.5.1
iw,3.17
java-common,0.56
javascript-common,11
jayatana,2.7
jq,1.5
kbd,1.15.5
kerneloops-daemon,0.12
keyboard-configuration,1.108
klibc-utils,2.0.4
kmod,22
krb5-locales,1.13.2
krb5-multidev,1.13.2
language-pack-en,16.04
language-pack-en-base,16.04
language-pack-gnome-en,16.04
language-pack-gnome-en-base,16.04
language-pack-gnome-it,16.04
language-pack-gnome-it-base,16.04
language-pack-it,16.04
language-pack-it-base,16.04
language-selector-common,0.165.4
language-selector-gnome,0.165.4
laptop-detect,0.13.7
ledit,2.03
less,481
lib32asan0,4.8.5
lib32asan2,5.4.0
lib32atomic1,5.4.0
lib32cilkrts5,5.4.0
lib32gcc-4.8-dev,4.8.5
lib32gcc-5-dev,5.4.0
lib32gcc1,6.0.1
lib32gomp1,5.4.0
lib32itm1,5.4.0
lib32mpx0,5.4.0
lib32quadmath0,5.4.0
lib32stdc++-5-dev,5.4.0
lib32stdc++6,5.4.0
lib32ubsan0,5.4.0
liba11y-profile-manager-0.1-0:amd64,0.1.10
liba11y-profile-manager-data,0.1.10
liba52-0.7.4:amd64,0.7.4
libaa1:amd64,1.4p5
libaacs0:amd64,0.8.1
libabw-0.1-1v5:amd64,0.1.1
libaccount-plugin-1.0-0:amd64,0.1.8
libaccount-plugin-generic-oauth,0.12
libaccount-plugin-google,0.12
libaccounts-glib0:amd64,1.21
libaccounts-qt5-1:amd64,1.14
libaccountsservice0:amd64,0.6.40
libacl1:amd64,2.2.52
libaio1:amd64,0.3.110
libalgorithm-diff-perl,1.19.03
libalgorithm-diff-xs-perl,0.04
libalgorithm-merge-perl,0.08
libandroid-properties1,0.1.0
libao-common,1.1.0
libao4:amd64,1.1.0
libapparmor-perl,2.10.95
libapparmor1:amd64,2.10.95
libappindicator1,12.10.1
libappindicator3-1,12.10.1
libappstream-glib8:amd64,0.5.13
libappstream3:amd64,0.9.4
libapr1:amd64,1.5.2
libaprutil1:amd64,1.5.4
libapt-inst2.0:amd64,1.2.29
libapt-pkg-perl,0.1.29build7
libapt-pkg5.0:amd64,1.2.29
libarchive-zip-perl,1.56
libarchive13:amd64,3.1.2
libart-2.0-2:amd64,2.3.21
libasan0:amd64,4.8.5
libasan2:amd64,5.4.0
libasn1-8-heimdal:amd64,1.7
libasound2:amd64,1.1.0
libasound2-data,1.1.0
libasound2-plugins:amd64,1.1.0
libaspell15:amd64,0.60.7
libasprintf-dev:amd64,0.19.7
libasprintf0v5:amd64,0.19.7
libass5:amd64,0.13.1
libassuan0:amd64,2.4.2
libasyncns0:amd64,0.8
libatasmart4:amd64,0.19
libatk-adaptor:amd64,2.18.1
libatk-bridge2.0-0:amd64,2.18.1
libatk1.0-0:amd64,2.18.0
libatk1.0-data,2.18.0
libatkmm-1.6-1v5:amd64,2.24.2
libatm1:amd64,2.5.1
libatomic1:amd64,5.4.0
libatspi2.0-0:amd64,2.18.3
libattr1:amd64,2.4.47
libaudio2:amd64,1.9.4
libaudit-common,2.4.5
libaudit1:amd64,2.4.5
libauthen-sasl-perl,2.1600
libavahi-client3:amd64,0.6.32
libavahi-common-data:amd64,0.6.32
libavahi-common3:amd64,0.6.32
libavahi-core7:amd64,0.6.32
libavahi-glib1:amd64,0.6.32
libavahi-ui-gtk3-0:amd64,0.6.32
libavc1394-0:amd64,0.5.4
libavcodec-ffmpeg56:amd64,2.8.15
libavfilter-ffmpeg5:amd64,2.8.15
libavformat-ffmpeg56:amd64,2.8.15
libavresample-ffmpeg2:amd64,2.8.15
libavutil-ffmpeg54:amd64,2.8.15
libbabeltrace-ctf1:amd64,1.3.2
libbabeltrace1:amd64,1.3.2
libbamf3-2:amd64,0.5.3
libbdplus0:amd64,0.1.2
libbind9-140:amd64,9.10.3.dfsg.P4
libbison-dev:amd64,3.0.4.dfsg
libblas-common,3.6.0
libblas3,3.6.0
libblkid1:amd64,2.27.1
libbluetooth3:amd64,5.37
libbluray1:amd64,0.9.2
libbonobo2-0:amd64,2.32.1
libbonobo2-common,2.32.1
libboost-all-dev,1.58.0.1
libboost-atomic-dev:amd64,1.58.0.1
libboost-atomic1.58-dev:amd64,1.58.0
libboost-atomic1.58.0:amd64,1.58.0
libboost-chrono-dev:amd64,1.58.0.1
libboost-chrono1.58-dev:amd64,1.58.0
libboost-chrono1.58.0:amd64,1.58.0
libboost-context-dev:amd64,1.58.0.1
libboost-context1.58-dev:amd64,1.58.0
libboost-context1.58.0:amd64,1.58.0
libboost-coroutine-dev:amd64,1.58.0.1
libboost-coroutine1.58-dev:amd64,1.58.0
libboost-coroutine1.58.0:amd64,1.58.0
libboost-date-time-dev:amd64,1.58.0.1
libboost-date-time1.58-dev:amd64,1.58.0
libboost-date-time1.58.0:amd64,1.58.0
libboost-dev:amd64,1.58.0.1
libboost-exception-dev:amd64,1.58.0.1
libboost-exception1.58-dev:amd64,1.58.0
libboost-filesystem-dev:amd64,1.58.0.1
libboost-filesystem1.58-dev:amd64,1.58.0
libboost-filesystem1.58.0:amd64,1.58.0
libboost-graph-dev:amd64,1.58.0.1
libboost-graph-parallel-dev,1.58.0.1
libboost-graph-parallel1.58-dev,1.58.0
libboost-graph-parallel1.58.0,1.58.0
libboost-graph1.58-dev:amd64,1.58.0
libboost-graph1.58.0:amd64,1.58.0
libboost-iostreams-dev:amd64,1.58.0.1
libboost-iostreams1.58-dev:amd64,1.58.0
libboost-iostreams1.58.0:amd64,1.58.0
libboost-locale-dev:amd64,1.58.0.1
libboost-locale1.58-dev:amd64,1.58.0
libboost-locale1.58.0:amd64,1.58.0
libboost-log-dev,1.58.0.1
libboost-log1.58-dev,1.58.0
libboost-log1.58.0,1.58.0
libboost-math-dev:amd64,1.58.0.1
libboost-math1.58-dev:amd64,1.58.0
libboost-math1.58.0:amd64,1.58.0
libboost-mpi-dev,1.58.0.1
libboost-mpi-python-dev,1.58.0.1
libboost-mpi-python1.58-dev,1.58.0
libboost-mpi-python1.58.0,1.58.0
libboost-mpi1.58-dev,1.58.0
libboost-mpi1.58.0,1.58.0
libboost-program-options-dev:amd64,1.58.0.1
libboost-program-options1.58-dev:amd64,1.58.0
libboost-program-options1.58.0:amd64,1.58.0
libboost-python-dev,1.58.0.1
libboost-python1.58-dev,1.58.0
libboost-python1.58.0,1.58.0
libboost-random-dev:amd64,1.58.0.1
libboost-random1.58-dev:amd64,1.58.0
libboost-random1.58.0:amd64,1.58.0
libboost-regex-dev:amd64,1.58.0.1
libboost-regex1.58-dev:amd64,1.58.0
libboost-regex1.58.0:amd64,1.58.0
libboost-serialization-dev:amd64,1.58.0.1
libboost-serialization1.58-dev:amd64,1.58.0
libboost-serialization1.58.0:amd64,1.58.0
libboost-signals-dev:amd64,1.58.0.1
libboost-signals1.58-dev:amd64,1.58.0
libboost-signals1.58.0:amd64,1.58.0
libboost-system-dev:amd64,1.58.0.1
libboost-system1.58-dev:amd64,1.58.0
libboost-system1.58.0:amd64,1.58.0
libboost-test-dev:amd64,1.58.0.1
libboost-test1.58-dev:amd64,1.58.0
libboost-test1.58.0:amd64,1.58.0
libboost-thread-dev:amd64,1.58.0.1
libboost-thread1.58-dev:amd64,1.58.0
libboost-thread1.58.0:amd64,1.58.0
libboost-timer-dev:amd64,1.58.0.1
libboost-timer1.58-dev:amd64,1.58.0
libboost-timer1.58.0:amd64,1.58.0
libboost-tools-dev,1.58.0.1
libboost-wave-dev:amd64,1.58.0.1
libboost-wave1.58-dev:amd64,1.58.0
libboost-wave1.58.0:amd64,1.58.0
libboost1.58-dev:amd64,1.58.0
libboost1.58-tools-dev,1.58.0
libbrlapi0.6:amd64,5.3.1
libbs2b0:amd64,3.1.0
libbsd0:amd64,0.8.2
libbz2-1.0:amd64,1.0.6
libbz2-dev:amd64,1.0.6
libc-ares2:amd64,1.10.0
libc-bin,2.23
libc-dev-bin,2.23
libc6:amd64,2.23
libc6:i386,2.23
libc6-dbg:amd64,2.23
libc6-dbg:i386,2.23
libc6-dev:amd64,2.23
libc6-dev-i386,2.23
libc6-dev-x32,2.23
libc6-i386,2.23
libc6-x32,2.23
libcaca0:amd64,0.99.beta19
libcacard0:amd64,2.5.0
libcairo-gobject2:amd64,1.14.6
libcairo-perl,1.106
libcairo2:amd64,1.14.6
libcairomm-1.0-1v5:amd64,1.12.0
libcamel-1.2-54:amd64,3.18.5
libcamlp4-ocaml-dev,4.02.1
libcanberra-gtk-module:amd64,0.30
libcanberra-gtk0:amd64,0.30
libcanberra-gtk3-0:amd64,0.30
libcanberra-gtk3-module:amd64,0.30
libcanberra-pulse:amd64,0.30
libcanberra0:amd64,0.30
libcap-ng0:amd64,0.7.7
libcap2:amd64,2.24
libcap2-bin,2.24
libcapnp-0.5.3:amd64,0.5.3
libcapstone3,3.0.4
libcc1-0:amd64,5.4.0
libcdio-cdda1:amd64,0.83
libcdio-paranoia1:amd64,0.83
libcdio13:amd64,0.83
libcdparanoia0:amd64,3.10.2
libcdr-0.1-1:amd64,0.1.2
libcdt5,2.38.0
libcgi-fast-perl,2.10
libcgi-pm-perl,4.26
libcgmanager0:amd64,0.39
libcgraph6,2.38.0
libcheese-gtk25:amd64,3.18.1
libcheese8:amd64,3.18.1
libchromaprint0:amd64,1.3
libcilkrts5:amd64,5.4.0
libclang-common-5.0-dev,5.0
libclass-accessor-perl,0.34
libclc-amdgcn,0.2.0
libclc-dev,0.2.0
libclc-r600,0.2.0
libclone-perl,0.38
libcloog-isl4:amd64,0.18.4
libclucene-contribs1v5:amd64,2.3.3.4
libclucene-core1v5:amd64,2.3.3.4
libclutter-1.0-0:amd64,1.24.2
libclutter-1.0-common,1.24.2
libclutter-gst-3.0-0:amd64,3.0.18
libclutter-gtk-1.0-0:amd64,1.6.6
libcmis-0.5-5v5:amd64,0.5.1
libcogl-common,1.22.0
libcogl-pango20:amd64,1.22.0
libcogl-path20:amd64,1.22.0
libcogl20:amd64,1.22.0
libcolamd2.9.1:amd64,4.4.6
libcolord2:amd64,1.2.12
libcolorhug2:amd64,1.2.12
libcolumbus1-common,1.1.0
libcolumbus1v5:amd64,1.1.0
libcomerr2:amd64,1.42.13
libcompizconfig0:amd64,0.9.12.3
libcppunit-1.13-0v5:amd64,1.13.2
libcrack2:amd64,2.9.2
libcroco3:amd64,0.6.11
libcryptsetup4:amd64,1.6.6
libcrystalhd3:amd64,0.0
libcuda1-304,304.137
libcups2:amd64,2.1.3
libcupscgi1:amd64,2.1.3
libcupsfilters1:amd64,1.8.3
libcupsimage2:amd64,2.1.3
libcupsmime1:amd64,2.1.3
libcupsppdc1:amd64,2.1.3
libcurl3:amd64,7.47.0
libcurl3-gnutls:amd64,7.47.0
libcurl4-gnutls-dev:amd64,7.47.0
libdaemon0:amd64,0.14
libdata-alias-perl,1.20
libdatrie1:amd64,0.2.10
libdb5.3:amd64,5.3.28
libdbus-1-3:amd64,1.10.6
libdbus-glib-1-2:amd64,0.106
libdbusmenu-glib4:amd64,16.04.1
libdbusmenu-gtk3-4:amd64,16.04.1
libdbusmenu-gtk4:amd64,16.04.1
libdbusmenu-qt2:amd64,0.9.3
libdbusmenu-qt5:amd64,0.9.3
libdc1394-22:amd64,2.2.4
libdca0:amd64,0.0.5
libdconf1:amd64,0.24.0
libde265-0:amd64,1.0.2
libdebconfclient0:amd64,0.198
libdecoration0:amd64,0.9.12.3
libdee-1.0-4:amd64,1.2.7
libdevmapper1.02.1:amd64,1.02.110
libdfu1:amd64,0.8.3
libdigest-hmac-perl,1.03
libdistorm3-3,3.3.0
libdjvulibre-text,3.5.27.1
libdjvulibre21:amd64,3.5.27.1
libdmapsharing-3.0-2:amd64,2.9.34
libdns-export162,9.10.3.dfsg.P4
libdns162:amd64,9.10.3.dfsg.P4
libdotconf0:amd64,1.3
libdouble-conversion1v5:amd64,2.0.1
libdpkg-perl,1.18.4
libdrm-amdgpu1:amd64,2.4.83
libdrm-common,2.4.83
libdrm-dev:amd64,2.4.83
libdrm-intel1:amd64,2.4.83
libdrm-nouveau2:amd64,2.4.83
libdrm-radeon1:amd64,2.4.83
libdrm2:amd64,2.4.83
libdumbnet1:amd64,1.12
libdv4:amd64,1.0.0
libdvdnav4:amd64,5.0.3
libdvdread4:amd64,5.0.3
libdw1:amd64,0.165
libe-book-0.1-1:amd64,0.1.2
libebackend-1.2-10:amd64,3.18.5
libebook-1.2-16:amd64,3.18.5
libebook-contacts-1.2-2:amd64,3.18.5
libecal-1.2-19:amd64,3.18.5
libedata-book-1.2-25:amd64,3.18.5
libedata-cal-1.2-28:amd64,3.18.5
libedataserver-1.2-21:amd64,3.18.5
libedataserverui-1.2-1:amd64,3.18.5
libedit2:amd64,3.1
libefivar0:amd64,0.23
libegl1-mesa:amd64,17.2.8
libelf-dev:amd64,0.165
libelf1:amd64,0.165
libemail-valid-perl,1.198
libenchant1c2a:amd64,1.6.0
libencode-locale-perl,1.05
libeot0:amd64,0.01
libepoxy0:amd64,1.3.1
liberror-perl,0.17
libespeak1:amd64,1.48.04
libestr0,0.1.10
libetonyek-0.1-1:amd64,0.1.6
libevdev2:amd64,1.4.6
libevdocument3-4:amd64,3.18.2
libevemu3:amd64,2.1.0
libevent-2.0-5:amd64,2.0.21
libevview3-3:amd64,3.18.2
libexempi3:amd64,2.2.2
libexif12:amd64,0.6.21
libexiv2-14:amd64,0.25
libexpat1:amd64,2.1.0
libexpat1-dev:amd64,2.1.0
libexporter-tiny-perl,0.042
libextlib-ocaml,1.7.0
libextlib-ocaml-dev,1.7.0
libexttextcat-2.0-0:amd64,3.4.4
libexttextcat-data,3.4.4
libfaad2:amd64,2.8.0
libfakeroot:amd64,1.20.2
libfcgi-perl,0.77
libfcitx-config4:amd64,4.2.9.1
libfcitx-gclient0:amd64,4.2.9.1
libfcitx-utils0:amd64,4.2.9.1
libfdisk1:amd64,2.27.1
libfdt1:amd64,1.4.0
libffi-dev:amd64,3.2.1
libffi6:amd64,3.2.1
libfftw3-double3:amd64,3.3.4
libfftw3-single3:amd64,3.3.4
libfile-basedir-perl,0.07
libfile-copy-recursive-perl,0.38
libfile-desktopentry-perl,0.22
libfile-fcntllock-perl,0.22
libfile-listing-perl,6.04
libfile-mimeinfo-perl,0.27
libfile-stripnondeterminism-perl,0.015
libfindlib-ocaml,1.5.5
libfindlib-ocaml-dev,1.5.5
libfl-dev:amd64,2.6.0
libflac8:amd64,1.3.1
libflann1.8:amd64,1.8.4
libflite1:amd64,2.0.0
libfluidsynth1:amd64,1.1.6
libfont-afm-perl,1.20
libfontconfig1:amd64,2.11.94
libfontembed1:amd64,1.8.3
libfontenc1:amd64,1.1.3
libframe6:amd64,2.5.0daily13.06.05
libfreehand-0.1-1:amd64,0.1.1
libfreerdp-cache1.1:amd64,1.1.0
libfreerdp-client1.1:amd64,1.1.0
libfreerdp-codec1.1:amd64,1.1.0
libfreerdp-common1.1.0:amd64,1.1.0
libfreerdp-core1.1:amd64,1.1.0
libfreerdp-crypto1.1:amd64,1.1.0
libfreerdp-gdi1.1:amd64,1.1.0
libfreerdp-locale1.1:amd64,1.1.0
libfreerdp-plugins-standard:amd64,1.1.0
libfreerdp-primitives1.1:amd64,1.1.0
libfreerdp-utils1.1:amd64,1.1.0
libfreetype6:amd64,2.6.1
libfreexl1:amd64,1.0.2
libfribidi0:amd64,0.19.7
libfuse2:amd64,2.9.4
libfwup0:amd64,0.5
libfwupd1:amd64,0.8.3
libgail-3-0:amd64,3.18.9
libgail-common:amd64,2.24.30
libgail18:amd64,2.24.30
libgbm1:amd64,17.2.8
libgc1c2:amd64,7.4.2
libgcab-1.0-0:amd64,0.7
libgcc-4.8-dev:amd64,4.8.5
libgcc-5-dev:amd64,5.4.0
libgcc1:amd64,6.0.1
libgcc1:i386,6.0.1
libgck-1-0:amd64,3.18.0
libgconf-2-4:amd64,3.2.6
libgcr-3-common,3.18.0
libgcr-base-3-1:amd64,3.18.0
libgcr-ui-3-1:amd64,3.18.0
libgcrypt20:amd64,1.6.5
libgd3:amd64,2.1.1
libgdata-common,0.17.4
libgdata22:amd64,0.17.4
libgdbm3:amd64,1.8.3
libgdk-pixbuf2.0-0:amd64,2.32.2
libgdk-pixbuf2.0-common,2.32.2
libgee-0.8-2:amd64,0.18.0
libgeis1:amd64,2.2.17
libgeoclue0:amd64,0.12.99
libgeocode-glib0:amd64,3.18.2
libgeoip1:amd64,1.6.9
libgeonames0:amd64,0.2
libgettextpo-dev:amd64,0.19.7
libgettextpo0:amd64,0.19.7
libgexiv2-2:amd64,0.10.3
libgfortran-5-dev:amd64,5.4.0
libgfortran3:amd64,5.4.0
libgif7:amd64,5.1.4
libgirepository-1.0-1:amd64,1.46.0
libgl1-mesa-dev:amd64,17.2.8
libgl1-mesa-dri:amd64,17.2.8
libgl1-mesa-glx:amd64,17.2.8
libgl2ps0,1.3.8
libglade2-0:amd64,2.6.4
libglapi-mesa:amd64,17.2.8
libgles2-mesa:amd64,17.2.8
libglew1.13:amd64,1.13.0
libglewmx1.13:amd64,1.13.0
libglib-perl,1.320
libglib2.0-0:amd64,2.48.2
libglib2.0-bin,2.48.2
libglib2.0-data,2.48.2
libglib2.0-dev,2.48.2
libglibmm-2.4-1v5:amd64,2.46.3
libglu1-mesa:amd64,9.0.0
libglu1-mesa-dev:amd64,9.0.0
libgme0:amd64,0.6.0
libgmime-2.6-0:amd64,2.6.20
libgmp10:amd64,6.1.0
libgnome-bluetooth13:amd64,3.18.2
libgnome-desktop-3-12:amd64,3.18.2
libgnome-keyring-common,3.12.0
libgnome-keyring0:amd64,3.12.0
libgnome-menu-3-0:amd64,3.13.3
libgnome2-common,2.32.1
libgnomekbd-common,3.6.0
libgnomekbd8:amd64,3.6.0
libgnomevfs2-common,2.24.4
libgnutls-openssl27:amd64,3.4.10
libgnutls30:amd64,3.4.10
libgoa-1.0-0b:amd64,3.18.3
libgoa-1.0-common,3.18.3
libgom-1.0-0:amd64,0.3.1
libgom-1.0-common,0.3.1
libgomp1:amd64,5.4.0
libgpg-error0:amd64,1.21
libgpgme11:amd64,1.6.0
libgphoto2-6:amd64,2.5.9
libgphoto2-l10n,2.5.9
libgphoto2-port12:amd64,2.5.9
libgpm2:amd64,1.20.4
libgpm2:i386,1.20.4
libgpod-common,0.8.3
libgpod4:amd64,0.8.3
libgrail6,3.1.0
libgraphite2-3:amd64,1.3.10
libgrilo-0.2-1:amd64,0.2.15
libgs9:amd64,9.26
libgs9-common,9.26
libgsettings-qt1:amd64,0.1
libgsm1:amd64,1.0.13
libgssapi-krb5-2:amd64,1.13.2
libgssapi3-heimdal:amd64,1.7
libgssrpc4:amd64,1.13.2
libgstreamer-plugins-bad1.0-0:amd64,1.8.3
libgstreamer-plugins-base1.0-0:amd64,1.8.3
libgstreamer-plugins-good1.0-0:amd64,1.8.3
libgstreamer1.0-0:amd64,1.8.3
libgtk-3-0:amd64,3.18.9
libgtk-3-bin,3.18.9
libgtk-3-common,3.18.9
libgtk2-perl,1.2498
libgtk2.0-0:amd64,2.24.30
libgtk2.0-bin,2.24.30
libgtk2.0-common,2.24.30
libgtkglext1:amd64,1.2.0
libgtkmm-2.4-1v5:amd64,2.24.4
libgtkmm-3.0-1v5:amd64,3.18.0
libgtksourceview-3.0-1:amd64,3.18.2
libgtksourceview-3.0-common,3.18.2
libgtkspell3-3-0:amd64,3.0.7
libgtop-2.0-10:amd64,2.32.0
libgtop2-common,2.32.0
libgts-0.7-5:amd64,0.7.6
libgucharmap-2-90-7:amd64,3.18.2
libgudev-1.0-0:amd64,230
libgusb2:amd64,0.2.9
libgutenprint2,5.2.11
libgvc6,2.38.0
libgvpr2,2.38.0
libgweather-3-6:amd64,3.18.2
libgweather-common,3.18.2
libgxps2:amd64,0.2.3.2
libhardware2,0.1.0
libharfbuzz-icu0:amd64,1.0.1
libharfbuzz0b:amd64,1.0.1
libhcrypto4-heimdal:amd64,1.7
libhdf4-0-alt,4.2.10
libheimbase1-heimdal:amd64,1.7
libheimntlm0-heimdal:amd64,1.7
libhogweed4:amd64,3.2
libhpmud0:amd64,3.16.3
libhtml-form-perl,6.03
libhtml-format-perl,2.11
libhtml-parser-perl,3.72
libhtml-tagset-perl,3.20
libhtml-tree-perl,5.03
libhttp-cookies-perl,6.01
libhttp-daemon-perl,6.01
libhttp-date-perl,6.02
libhttp-message-perl,6.11
libhttp-negotiate-perl,6.00
libhud2:amd64,14.10
libhunspell-1.3-0:amd64,1.3.3
libhwloc-dev:amd64,1.11.2
libhwloc5:amd64,1.11.2
libhx509-5-heimdal:amd64,1.7
libhybris,0.1.0
libhybris-common1,0.1.0
libhyphen0:amd64,2.8.8
libiberty-dev:amd64,20160215
libibus-1.0-5:amd64,1.5.11
libibverbs-dev,1.1.8
libibverbs1,1.1.8
libical1a:amd64,1.0.1
libice-dev:amd64,1.0.9
libice6:amd64,1.0.9
libicu-dev:amd64,55.1
libicu55:amd64,55.1
libidn11:amd64,1.32
libido3-0.1-0:amd64,13.10.0
libiec61883-0:amd64,1.2.0
libieee1284-3:amd64,0.2.11
libijs-0.35:amd64,0.35
libilmbase12:amd64,2.2.0
libimobiledevice6:amd64,1.2.0
libindicator3-7,12.10.2
libindicator7,12.10.2
libinput-bin,1.6.3
libinput10:amd64,1.6.3
libio-html-perl,1.001
libio-pty-perl,1.08
libio-socket-inet6-perl,2.72
libio-socket-ssl-perl,2.024
libio-string-perl,1.08
libipc-run-perl,0.94
libipc-system-simple-perl,1.25
libisc-export160,9.10.3.dfsg.P4
libisc160:amd64,9.10.3.dfsg.P4
libisccc140:amd64,9.10.3.dfsg.P4
libisccfg140:amd64,9.10.3.dfsg.P4
libiscsi2:amd64,1.12.0
libisl15:amd64,0.16.1
libitm1:amd64,5.4.0
libiw30:amd64,30
libjack-jackd2-0:amd64,1.9.10
libjansson4:amd64,2.7
libjasper1:amd64,1.900.1
libjavascriptcoregtk-4.0-18:amd64,2.20.5
libjbig0:amd64,2.1
libjbig2dec0,0.12
libjpeg-turbo8:amd64,1.4.2
libjpeg8:amd64,8c
libjs-excanvas,0.r3
libjs-jquery,1.11.3
libjs-sphinxdoc,1.3.6
libjs-underscore,1.7.0
libjson-c2:amd64,0.11
libjson-glib-1.0-0:amd64,1.1.2
libjson-glib-1.0-common,1.1.2
libjsoncpp1:amd64,1.7.2
libk5crypto3:amd64,1.13.2
libkadm5clnt-mit9:amd64,1.13.2
libkadm5srv-mit9:amd64,1.13.2
libkate1:amd64,0.4.1
libkdb5-8:amd64,1.13.2
libkeyutils1:amd64,1.5.9
libklibc,2.0.4
libkmod2:amd64,22
libkpathsea6:amd64,2015.20160222.37495
libkrb5-26-heimdal:amd64,1.7
libkrb5-3:amd64,1.13.2
libkrb5support0:amd64,1.13.2
libksba8:amd64,1.3.3
liblangtag-common,0.5.7
liblangtag1:amd64,0.5.7
liblapack3,3.6.0
liblcms2-2:amd64,2.6
liblcms2-utils,2.6
libldap-2.4-2:amd64,2.4.42
libldb1:amd64,1.1.24
liblightdm-gobject-1-0:amd64,1.18.3
liblinear3:amd64,2.1.0
liblircclient0:amd64,0.9.0
liblist-moreutils-perl,0.413
libllvm3.8:amd64,3.8
libllvm4.0:amd64,4.0
libllvm5.0:amd64,5.0
liblocale-gettext-perl,1.07
liblockfile-bin,1.09
liblockfile1:amd64,1.09
liblouis-data,2.6.4
liblouis9:amd64,2.6.4
liblouisutdml-bin,2.5.0
liblouisutdml-data,2.5.0
liblouisutdml6:amd64,2.5.0
liblqr-1-0:amd64,0.4.2
liblsan0:amd64,5.4.0
libltdl-dev:amd64,2.4.6
libltdl7:amd64,2.4.6
liblua5.1-0:amd64,5.1.5
liblua5.1-0-dev:amd64,5.1.5
liblua5.2-0:amd64,5.2.4
libluajit-5.1-2:amd64,2.0.4
libluajit-5.1-common,2.0.4
liblwp-mediatypes-perl,6.02
liblwp-protocol-https-perl,6.06
liblwres141:amd64,9.10.3.dfsg.P4
liblz4-1:amd64,0.0
liblzma-dev:amd64,5.1.1alpha
liblzma5:amd64,5.1.1alpha
liblzo2-2:amd64,2.08
libm17n-0:amd64,1.7.0
libmad0:amd64,0.15.1b
libmagic1:amd64,5.25
libmagickcore-6.q16-2:amd64,6.8.9.9
libmagickcore-6.q16-2-extra:amd64,6.8.9.9
libmagickwand-6.q16-2:amd64,6.8.9.9
libmail-sendmail-perl,0.79.16
libmailtools-perl,2.13
libmaxminddb0:amd64,1.0.4
libmbim-glib4:amd64,1.14.0
libmbim-proxy,1.14.0
libmedia1,0.1.0
libmediaart-2.0-0:amd64,1.9.0
libmessaging-menu0:amd64,13.10.1
libmetacity-private3a:amd64,3.18.7
libmhash2:amd64,0.9.9.9
libmikmod3:amd64,3.3.8
libmimic0:amd64,1.0.4
libminiupnpc10:amd64,1.9.20140610
libmirclient9:amd64,0.26.3
libmircommon5:amd64,0.21.0
libmircommon7:amd64,0.26.3
libmircore1:amd64,0.26.3
libmirprotobuf3:amd64,0.26.3
libmjpegutils-2.1-0,2.1.0
libmm-glib0:amd64,1.6.4
libmms0:amd64,0.6.4
libmng2:amd64,2.0.2
libmnl0:amd64,1.0.3
libmodplug1:amd64,0.8.8.5
libmount1:amd64,2.27.1
libmp3lame0:amd64,3.99.5
libmpc3:amd64,1.0.3
libmpdec2:amd64,2.4.2
libmpeg2-4:amd64,0.5.1
libmpeg2encpp-2.1-0,2.1.0
libmpfr4:amd64,3.1.4
libmpg123-0:amd64,1.22.4
libmplex2-2.1-0,2.1.0
libmpx0:amd64,5.4.0
libmspack0:amd64,0.5
libmspub-0.1-1:amd64,0.1.2
libmtdev1:amd64,1.1.5
libmtp-common,1.1.10
libmtp-runtime,1.1.10
libmtp9:amd64,1.1.10
libmwaw-0.3-3:amd64,0.3.7
libmysqlclient-dev,5.7.25
libmysqlclient20:amd64,5.7.25
libmythes-1.2-0:amd64,1.2.4
libnatpmp1:amd64,20110808
libnautilus-extension1a:amd64,3.18.4.is.3.14.3
libncurses5:amd64,6.0
libncurses5:i386,6.0
libncurses5-dev:amd64,6.0
libncursesw5:amd64,6.0
libndp0:amd64,1.4
libneon27-gnutls:amd64,0.30.1
libnet-dbus-perl,1.1.0
libnet-dns-perl,0.81
libnet-domain-tld-perl,1.73
libnet-http-perl,6.09
libnet-ip-perl,1.26
libnet-libidn-perl,0.12.ds
libnet-smtp-ssl-perl,1.03
libnet-ssleay-perl,1.72
libnet1:amd64,1.1.6
libnetfilter-conntrack3:amd64,1.0.5
libnetpbm10,10.0
libnettle6:amd64,3.2
libnewt0.52:amd64,0.52.18
libnfnetlink0:amd64,1.0.1
libnghttp2-14:amd64,1.7.1
libnids1.21,1.23
libnih-dbus1:amd64,1.0.3
libnih1:amd64,1.0.3
libnl-3-200:amd64,3.2.27
libnl-genl-3-200:amd64,3.2.27
libnl-route-3-200:amd64,3.2.27
libnm-glib-vpn1:amd64,1.2.6
libnm-glib4:amd64,1.2.6
libnm-gtk-common,1.2.6
libnm-gtk0:amd64,1.2.6
libnm-util2:amd64,1.2.6
libnm0:amd64,1.2.6
libnma-common,1.2.6
libnma0:amd64,1.2.6
libnotify-bin,0.7.6
libnotify4:amd64,0.7.6
libnpth0:amd64,1.2
libnspr4:amd64,4.13.1
libnss-mdns:amd64,0.10
libnss3:amd64,3.28.4
libnss3-nssdb,3.28.4
libnuma-dev:amd64,2.0.11
libnuma1:amd64,2.0.11
libnux-4.0-0,4.0.8
libnux-4.0-common,4.0.8
liboauth0:amd64,1.0.3
libodbc1:amd64,2.3.1
libodfgen-0.1-1,0.1.6
libofa0:amd64,0.9.3
libogdi3.2,3.2.0
libogg0:amd64,1.3.2
libogre-1.9.0v5:amd64,1.9.0
libonig2:amd64,5.9.6
libopenal-data,1.16.0
libopenal1:amd64,1.16.0
libopencore-amrnb0:amd64,0.1.3
libopencore-amrwb0:amd64,0.1.3
libopencv-calib3d2.4v5:amd64,2.4.9.1
libopencv-contrib2.4v5:amd64,2.4.9.1
libopencv-core2.4v5:amd64,2.4.9.1
libopencv-features2d2.4v5:amd64,2.4.9.1
libopencv-flann2.4v5:amd64,2.4.9.1
libopencv-highgui2.4v5:amd64,2.4.9.1
libopencv-imgproc2.4v5:amd64,2.4.9.1
libopencv-legacy2.4v5:amd64,2.4.9.1
libopencv-ml2.4v5:amd64,2.4.9.1
libopencv-objdetect2.4v5:amd64,2.4.9.1
libopencv-video2.4v5:amd64,2.4.9.1
libopenexr22:amd64,2.2.0
libopenjpeg5:amd64,1.5.2
libopenmpi-dev,1.10.2
libopenmpi1.10,1.10.2
libopenni-sensor-pointclouds0,5.1.0.41.5
libopenni0,1.5.4.0
libopus0:amd64,1.1.2
liborc-0.4-0:amd64,0.4.25
liborcus-0.10-0v5:amd64,0.9.2
libotf0:amd64,0.9.13
liboxideqt-qmlplugin:amd64,1.21.5
liboxideqtcore0:amd64,1.21.5
liboxideqtquick0:amd64,1.21.5
libp11-kit-gnome-keyring:amd64,3.18.3
libp11-kit0:amd64,0.23.2
libpackagekit-glib2-16:amd64,0.8.17
libpagemaker-0.0-0:amd64,0.0.3
libpam-gnome-keyring:amd64,3.18.3
libpam-modules:amd64,1.1.8
libpam-modules-bin,1.1.8
libpam-runtime,1.1.8
libpam-systemd:amd64,229
libpam0g:amd64,1.1.8
libpango-1.0-0:amd64,1.38.1
libpango-perl,1.227
libpango1.0-0:amd64,1.38.1
libpangocairo-1.0-0:amd64,1.38.1
libpangoft2-1.0-0:amd64,1.38.1
libpangomm-1.4-1v5:amd64,2.38.1
libpangox-1.0-0:amd64,0.0.2
libpangoxft-1.0-0:amd64,1.38.1
libpaper-utils,1.1.24
libpaper1:amd64,1.1.24
libparse-debianchangelog-perl,1.2.0
libparted2:amd64,3.2
libpathplan4,2.38.0
libpcap0.8:amd64,1.7.4
libpci3:amd64,3.3.1
libpciaccess0:amd64,0.13.4
libpcre16-3:amd64,8.38
libpcre3:amd64,8.38
libpcre3:i386,8.38
libpcre3-dev:amd64,8.38
libpcre32-3:amd64,8.38
libpcrecpp0v5:amd64,8.38
libpcsclite1:amd64,1.8.14
libpeas-1.0-0:amd64,1.16.0
libpeas-1.0-0-python3loader,1.16.0
libpeas-common,1.16.0
libperl5.22:amd64,5.22.1
libperlio-gzip-perl,0.19
libpipeline1:amd64,1.4.1
libpixman-1-0:amd64,0.33.6
libpkcs11-helper1:amd64,1.11
libplist3:amd64,1.12
libplymouth4:amd64,0.9.2
libpng12-0:amd64,1.2.54
libpolkit-agent-1-0:amd64,0.105
libpolkit-backend-1-0:amd64,0.105
libpolkit-gobject-1-0:amd64,0.105
libpoppler-glib8:amd64,0.41.0
libpoppler58:amd64,0.41.0
libpopt0:amd64,1.16
libportaudio2:amd64,19
libportmidi0,200
libpostproc-ffmpeg53:amd64,2.8.15
libpq-dev,9.5.14
libpq5:amd64,9.5.14
libprocps4:amd64,3.3.10
libprotobuf-lite9v5:amd64,2.6.1
libprotobuf9v5:amd64,2.6.1
libproxy1-plugin-gsettings:amd64,0.4.11
libproxy1-plugin-networkmanager:amd64,0.4.11
libproxy1v5:amd64,0.4.11
libpthread-stubs0-dev:amd64,0.3
libpulse-mainloop-glib0:amd64,8.0
libpulse0:amd64,8.0
libpulsedsp:amd64,8.0
libpwquality-common,1.3.0
libpwquality1:amd64,1.3.0
libpython-all-dev:amd64,2.7.12
libpython-dev:amd64,2.7.12
libpython-stdlib:amd64,2.7.12
libpython2.7:amd64,2.7.12
libpython2.7-dev:amd64,2.7.12
libpython2.7-minimal:amd64,2.7.12
libpython2.7-stdlib:amd64,2.7.12
libpython3-dev:amd64,3.5.1
libpython3-stdlib:amd64,3.5.1
libpython3.5:amd64,3.5.2
libpython3.5-dev:amd64,3.5.2
libpython3.5-minimal:amd64,3.5.2
libpython3.5-stdlib:amd64,3.5.2
libqgsttools-p1:amd64,5.5.1
libqmi-glib1:amd64,1.12.6
libqmi-glib5:amd64,1.16.2
libqmi-proxy,1.16.2
libqpdf17:amd64,6.0.0
libqpdf21:amd64,8.0.2
libqqwing2v5:amd64,1.3.4
libqt4-dbus:amd64,4.8.7
libqt4-declarative:amd64,4.8.7
libqt4-designer:amd64,4.8.7
libqt4-dev,4.8.7
libqt4-dev-bin,4.8.7
libqt4-help:amd64,4.8.7
libqt4-network:amd64,4.8.7
libqt4-opengl:amd64,4.8.7
libqt4-opengl-dev,4.8.7
libqt4-qt3support:amd64,4.8.7
libqt4-script:amd64,4.8.7
libqt4-scripttools:amd64,4.8.7
libqt4-sql:amd64,4.8.7
libqt4-sql-sqlite:amd64,4.8.7
libqt4-svg:amd64,4.8.7
libqt4-test:amd64,4.8.7
libqt4-xml:amd64,4.8.7
libqt4-xmlpatterns:amd64,4.8.7
libqt5core5a:amd64,5.5.1
libqt5dbus5:amd64,5.5.1
libqt5feedback5:amd64,5.0
libqt5gui5:amd64,5.5.1
libqt5multimedia5:amd64,5.5.1
libqt5multimedia5-plugins:amd64,5.5.1
libqt5multimediawidgets5:amd64,5.5.1
libqt5network5:amd64,5.5.1
libqt5opengl5:amd64,5.5.1
libqt5organizer5:amd64,5.0
libqt5positioning5:amd64,5.5.1
libqt5printsupport5:amd64,5.5.1
libqt5qml5:amd64,5.5.1
libqt5quick5:amd64,5.5.1
libqt5quicktest5:amd64,5.5.1
libqt5sql5:amd64,5.5.1
libqt5sql5-sqlite:amd64,5.5.1
libqt5svg5:amd64,5.5.1
libqt5test5:amd64,5.5.1
libqt5webkit5:amd64,5.5.1
libqt5widgets5:amd64,5.5.1
libqt5xml5:amd64,5.5.1
libqtcore4:amd64,4.8.7
libqtdbus4:amd64,4.8.7
libqtgui4:amd64,4.8.7
libquadmath0:amd64,5.4.0
libquvi-scripts,0.4.21
libquvi7:amd64,0.4.1
librados2,10.2.10
libraptor2-0:amd64,2.0.14
librasqal3:amd64,0.9.32
libraw1394-11:amd64,2.1.1
libraw15:amd64,0.17.1
librbd1,10.2.10
librdf0:amd64,1.0.17
libreadline-dev:amd64,6.3
libreadline6:amd64,6.3
libreadline6-dev:amd64,6.3
libreoffice-avmedia-backend-gstreamer,5.1.6
libreoffice-base-core,5.1.6
libreoffice-calc,5.1.6
libreoffice-common,5.1.6
libreoffice-core,5.1.6
libreoffice-draw,5.1.6
libreoffice-gnome,5.1.6
libreoffice-gtk,5.1.6
libreoffice-help-en-us,5.1.4
libreoffice-help-it,5.1.4
libreoffice-impress,5.1.6
libreoffice-l10n-it,5.1.4
libreoffice-math,5.1.6
libreoffice-ogltrans,5.1.6
libreoffice-pdfimport,5.1.6
libreoffice-style-breeze,5.1.6
libreoffice-style-galaxy,5.1.6
libreoffice-writer,5.1.6
librest-0.7-0:amd64,0.7.93
librevenge-0.0-0:amd64,0.0.4
librhythmbox-core9:amd64,3.3
libroken18-heimdal:amd64,1.7
librsvg2-2:amd64,2.40.13
librsvg2-common:amd64,2.40.13
librtmp1:amd64,2.4
libruby2.3:amd64,2.3.1
libsamplerate0:amd64,0.1.8
libsane:amd64,1.0.25
libsane-common,1.0.25
libsane-hpaio:amd64,3.16.3
libsasl2-2:amd64,2.1.26.dfsg1
libsasl2-modules:amd64,2.1.26.dfsg1
libsasl2-modules-db:amd64,2.1.26.dfsg1
libsbc1:amd64,1.3
libschroedinger-1.0-0:amd64,1.0.11
libsdl-image1.2:amd64,1.2.12
libsdl-mixer1.2:amd64,1.2.12
libsdl-ttf2.0-0:amd64,2.0.11
libsdl1.2debian:amd64,1.2.15
libseccomp2:amd64,2.3.1
libsecret-1-0:amd64,0.18.4
libsecret-common,0.18.4
libselinux1:amd64,2.4
libselinux1:i386,2.4
libsemanage-common,2.3
libsemanage1:amd64,2.3
libsensors4:amd64,3.4.0
libsepol1:amd64,2.4
libserf-1-1:amd64,1.3.8
libsgutils2-2,1.40
libshine3:amd64,3.1.0
libshout3:amd64,2.3.1
libsidplay1v5,1.36.59
libsigc++-2.0-0v5:amd64,2.6.2
libsignon-extension1:amd64,8.58
libsignon-glib1:amd64,1.13
libsignon-plugins-common1:amd64,8.58
libsignon-qt5-1:amd64,8.58
libsigsegv2:amd64,2.10
libslang2:amd64,2.3.0
libsm-dev:amd64,1.2.2
libsm6:amd64,1.2.2
libsmartcols1:amd64,2.27.1
libsmbclient:amd64,4.3.11
libsmi2ldbl:amd64,0.4.8
libsmpeg0:amd64,0.4.5
libsnapd-glib1:amd64,1.13
libsnappy1v5:amd64,1.1.3
libsndfile1:amd64,1.0.25
libsnmp-base,5.7.3
libsnmp30:amd64,5.7.3
libsocket6-perl,0.25
libsodium18:amd64,1.0.8
libsonic0:amd64,0.2.0
libsoundtouch1:amd64,1.9.2
libsoup-gnome2.4-1:amd64,2.52.2
libsoup2.4-1:amd64,2.52.2
libsoxr0:amd64,0.1.2
libspandsp2:amd64,0.0.6
libspectre1:amd64,0.2.7
libspeechd2:amd64,0.8.3
libspeex1:amd64,1.2
libspeexdsp1:amd64,1.2
libspice-server1:amd64,0.12.6
libspnav0,0.2.3
libsqlite3-0:amd64,3.11.0
libsqlite3-dev:amd64,3.11.0
libsrtp0,1.4.5
libss2:amd64,1.42.13
libssh-4:amd64,0.6.3
libssh-gcrypt-4:amd64,0.6.3
libssl-dev:amd64,1.0.2g
libssl-doc,1.0.2g
libssl1.0.0:amd64,1.0.2g
libssl1.0.0:i386,1.0.2g
libstartup-notification0:amd64,0.12
libstdc++-4.8-dev:amd64,4.8.5
libstdc++-5-dev:amd64,5.4.0
libstdc++6:amd64,5.4.0
libstdc++6:i386,5.4.0
libsub-name-perl,0.14
libsuitesparseconfig4.4.6:amd64,4.4.6
libsuperlu4:amd64,4.3
libsvn1:amd64,1.9.3
libswresample-ffmpeg1:amd64,2.8.15
libswscale-ffmpeg3:amd64,2.8.15
libsys-hostname-long-perl,1.5
libsystemd0:amd64,229
libtag1v5:amd64,1.9.1
libtag1v5-vanilla:amd64,1.9.1
libtalloc2:amd64,2.1.5
libtar0,1.2.20
libtasn1-6:amd64,4.7
libtbb2:amd64,4.4
libtcl8.6:amd64,8.6.5
libtdb1:amd64,1.3.8
libtelepathy-glib0:amd64,0.24.1
libtevent0:amd64,0.9.28
libtext-charwidth-perl,0.04
libtext-iconv-perl,1.7
libtext-levenshtein-perl,0.13
libtext-wrapi18n-perl,0.06
libthai-data,0.1.24
libthai0:amd64,0.1.24
libtheora0:amd64,1.1.1
libtie-ixhash-perl,1.23
libtiff5:amd64,4.0.6
libtimedate-perl,2.3000
libtimezonemap-data,0.4.5
libtimezonemap1:amd64,0.4.5
libtinfo-dev:amd64,6.0
libtinfo5:amd64,6.0
libtinfo5:i386,6.0
libtinyxml2-2v5:amd64,2.2.0
libtinyxml2.6.2v5:amd64,2.6.2
libtk8.6:amd64,8.6.5
libtool,2.4.6
libtool-bin,2.4.6
libtorrent-rasterbar8,1.0.7
libtotem-plparser-common,3.10.6
libtotem-plparser18:amd64,3.10.6
libtotem0:amd64,3.18.1
libtracker-sparql-1.0-0:amd64,1.6.2
libtsan0:amd64,5.4.0
libtwolame0:amd64,0.3.13
libtxc-dxtn-s2tc0:amd64,0
libubsan0:amd64,5.4.0
libubuntugestures5:amd64,1.3.1918
libubuntutoolkit5:amd64,1.3.1918
libudev-dev:amd64,229
libudev1:amd64,229
libudisks2-0:amd64,2.1.7
libunistring0:amd64,0.9.3
libunity-action-qt1:amd64,1.1.0
libunity-control-center1,15.04.0
libunity-core-6.0-9:amd64,7.4.5
libunity-gtk2-parser0:amd64,0.0.0
libunity-gtk3-parser0:amd64,0.0.0
libunity-misc4,4.0.5
libunity-protocol-private0:amd64,7.1.4
libunity-scopes-json-def-desktop,7.1.4
libunity-settings-daemon1:amd64,15.04.1
libunity-webapps0:amd64,2.5.0
libunity9:amd64,7.1.4
libunwind8,1.1
libupower-glib3:amd64,0.99.4
liburi-perl,1.71
liburl-dispatcher1:amd64,0.1
libusb-0.1-4:amd64,0.1.12
libusb-1.0-0:amd64,1.0.20
libusbmuxd4:amd64,1.0.10
libusbredirparser1:amd64,0.7.1
libustr-1.0-1:amd64,1.0.4
libutempter0:amd64,1.1.6
libuuid-perl,0.24
libuuid1:amd64,2.27.1
libv4l-0:amd64,1.10.0
libv4lconvert0:amd64,1.10.0
libva1:amd64,1.7.0
libvdpau1:amd64,1.1.1
libvisio-0.1-1:amd64,0.1.5
libvisual-0.4-0:amd64,0.4.0
libvncclient1:amd64,0.9.10
libvo-aacenc0:amd64,0.1.3
libvo-amrwbenc0:amd64,0.1.3
libvorbis0a:amd64,1.3.5
libvorbisenc2:amd64,1.3.5
libvorbisfile3:amd64,1.3.5
libvpx3:amd64,1.5.0
libvte-2.91-0:amd64,0.42.5
libvte-2.91-common,0.42.5
libwacom-bin,0.22
libwacom-common,0.22
libwacom2:amd64,0.22
libwavpack1:amd64,4.75.2
libwayland-client0:amd64,1.12.0
libwayland-cursor0:amd64,1.12.0
libwayland-egl1-mesa:amd64,17.2.8
libwayland-server0:amd64,1.12.0
libwbclient0:amd64,4.3.11
libwebkit2gtk-4.0-37:amd64,2.20.5
libwebkit2gtk-4.0-37-gtk2:amd64,2.20.5
libwebp5:amd64,0.4.4
libwebpdemux1:amd64,0.4.4
libwebpmux1:amd64,0.4.4
libwebrtc-audio-processing-0:amd64,0.1
libwhoopsie-preferences0,0.18
libwhoopsie0:amd64,0.2.52.5
libwildmidi-config,0.3.8
libwildmidi1:amd64,0.3.8
libwind0-heimdal:amd64,1.7
libwinpr-crt0.1:amd64,1.1.0
libwinpr-dsparse0.1:amd64,1.1.0
libwinpr-environment0.1:amd64,1.1.0
libwinpr-file0.1:amd64,1.1.0
libwinpr-handle0.1:amd64,1.1.0
libwinpr-heap0.1:amd64,1.1.0
libwinpr-input0.1:amd64,1.1.0
libwinpr-interlocked0.1:amd64,1.1.0
libwinpr-library0.1:amd64,1.1.0
libwinpr-path0.1:amd64,1.1.0
libwinpr-pool0.1:amd64,1.1.0
libwinpr-registry0.1:amd64,1.1.0
libwinpr-rpc0.1:amd64,1.1.0
libwinpr-sspi0.1:amd64,1.1.0
libwinpr-synch0.1:amd64,1.1.0
libwinpr-sysinfo0.1:amd64,1.1.0
libwinpr-thread0.1:amd64,1.1.0
libwinpr-utils0.1:amd64,1.1.0
libwireshark-data,2.6.6
libwireshark11:amd64,2.6.6
libwiretap8:amd64,2.6.6
libwmf0.2-7:amd64,0.2.8.4
libwmf0.2-7-gtk,0.2.8.4
libwnck-3-0:amd64,3.14.1
libwnck-3-common,3.14.1
libwpd-0.10-10:amd64,0.10.1
libwpg-0.3-3:amd64,0.3.1
libwps-0.4-4:amd64,0.4.3
libwrap0:amd64,7.6.q
libwscodecs2:amd64,2.6.6
libwsutil9:amd64,2.6.6
libwww-perl,6.15
libwww-robotrules-perl,6.01
libx11-6:amd64,1.6.3
libx11-data,1.6.3
libx11-dev:amd64,1.6.3
libx11-doc,1.6.3
libx11-protocol-perl,0.56
libx11-xcb-dev:amd64,1.6.3
libx11-xcb1:amd64,1.6.3
libx264-148:amd64,0.148.2643
libx265-79:amd64,1.9
libx32asan0,4.8.5
libx32asan2,5.4.0
libx32atomic1,5.4.0
libx32cilkrts5,5.4.0
libx32gcc-4.8-dev,4.8.5
libx32gcc-5-dev,5.4.0
libx32gcc1,6.0.1
libx32gomp1,5.4.0
libx32itm1,5.4.0
libx32quadmath0,5.4.0
libx32stdc++-5-dev,5.4.0
libx32stdc++6,5.4.0
libx32ubsan0,5.4.0
libx86-1:amd64,1.1
libxapian22v5:amd64,1.2.22
libxatracker2:amd64,17.2.8
libxau-dev:amd64,1.0.8
libxau6:amd64,1.0.8
libxaw7:amd64,1.0.13
libxcb-dri2-0:amd64,1.11.1
libxcb-dri2-0-dev:amd64,1.11.1
libxcb-dri3-0:amd64,1.11.1
libxcb-dri3-dev:amd64,1.11.1
libxcb-glx0:amd64,1.11.1
libxcb-glx0-dev:amd64,1.11.1
libxcb-icccm4:amd64,0.4.1
libxcb-image0:amd64,0.4.0
libxcb-keysyms1:amd64,0.4.0
libxcb-present-dev:amd64,1.11.1
libxcb-present0:amd64,1.11.1
libxcb-randr0:amd64,1.11.1
libxcb-randr0-dev:amd64,1.11.1
libxcb-render-util0:amd64,0.3.9
libxcb-render0:amd64,1.11.1
libxcb-render0-dev:amd64,1.11.1
libxcb-shape0:amd64,1.11.1
libxcb-shape0-dev:amd64,1.11.1
libxcb-shm0:amd64,1.11.1
libxcb-sync-dev:amd64,1.11.1
libxcb-sync1:amd64,1.11.1
libxcb-util1:amd64,0.4.0
libxcb-xfixes0:amd64,1.11.1
libxcb-xfixes0-dev:amd64,1.11.1
libxcb-xkb1:amd64,1.11.1
libxcb1:amd64,1.11.1
libxcb1-dev:amd64,1.11.1
libxcomposite1:amd64,0.4.4
libxcursor1:amd64,1.1.14
libxdamage-dev:amd64,1.1.4
libxdamage1:amd64,1.1.4
libxdmcp-dev:amd64,1.1.2
libxdmcp6:amd64,1.1.2
libxen-4.6:amd64,4.6.5
libxenstore3.0:amd64,4.6.5
libxext-dev:amd64,1.3.3
libxext6:amd64,1.3.3
libxfixes-dev:amd64,5.0.1
libxfixes3:amd64,5.0.1
libxfont1:amd64,1.5.1
libxfont2:amd64,2.0.1
libxft2:amd64,2.3.2
libxi-dev,1.7.6
libxi6:amd64,1.7.6
libxinerama1:amd64,1.1.3
libxkbcommon-x11-0:amd64,0.5.0
libxkbcommon0:amd64,0.5.0
libxkbfile1:amd64,1.0.9
libxklavier16:amd64,5.4
libxml-parser-perl,2.44
libxml-twig-perl,3.48
libxml-xpathengine-perl,0.13
libxml2:amd64,2.9.3
libxmu6:amd64,1.1.2
libxmuu1:amd64,1.1.2
libxnvctrl0,361.42
libxpm4:amd64,3.5.11
libxrandr2:amd64,1.5.0
libxrender1:amd64,0.9.9
libxres1:amd64,1.0.7
libxshmfence-dev:amd64,1.2
libxshmfence1:amd64,1.2
libxslt1.1:amd64,1.1.28
libxss1:amd64,1.2.2
libxt-dev:amd64,1.1.5
libxt6:amd64,1.1.5
libxtables11:amd64,1.6.0
libxtst-dev:amd64,1.2.2
libxtst6:amd64,1.2.2
libxv1:amd64,1.0.10
libxvidcore4:amd64,1.3.4
libxvmc1:amd64,1.0.9
libxxf86dga1:amd64,1.1.4
libxxf86vm-dev:amd64,1.1.4
libxxf86vm1:amd64,1.1.4
libyajl2:amd64,2.1.0
libyaml-0-2:amd64,0.1.6
libyaml-libyaml-perl,0.41
libyaml-tiny-perl,1.69
libyara3:amd64,3.4.0
libyelp0:amd64,3.18.1
libzbar0:amd64,0.10
libzeitgeist-1.0-1:amd64,0.3.18
libzeitgeist-2.0-0:amd64,0.9.16
libzmq5:amd64,4.1.4
libzstd-dev,0.5.1
libzstd0,0.5.1
libzvbi-common,0.2.35
libzvbi0:amd64,0.2.35
light-themes,14.04
lightdm,1.18.3
lintian,2.5.43
linux-base,4.5
linux-firmware,1.157.21
linux-generic-hwe-16.04,4.15.0.43.64
linux-headers-4.10.0-33,4.10.0
linux-headers-4.10.0-33-generic,4.10.0
linux-headers-4.10.0-35,4.10.0
linux-headers-4.10.0-35-generic,4.10.0
linux-headers-4.10.0-37,4.10.0
linux-headers-4.10.0-37-generic,4.10.0
linux-headers-4.13.0-32,4.13.0
linux-headers-4.13.0-32-generic,4.13.0
linux-headers-4.13.0-36,4.13.0
linux-headers-4.13.0-36-generic,4.13.0
linux-headers-4.13.0-37,4.13.0
linux-headers-4.13.0-37-generic,4.13.0
linux-headers-4.13.0-38,4.13.0
linux-headers-4.13.0-38-generic,4.13.0
linux-headers-4.13.0-39,4.13.0
linux-headers-4.13.0-39-generic,4.13.0
linux-headers-4.13.0-41,4.13.0
linux-headers-4.13.0-41-generic,4.13.0
linux-headers-4.13.0-45,4.13.0
linux-headers-4.13.0-45-generic,4.13.0
linux-headers-4.15.0-24,4.15.0
linux-headers-4.15.0-24-generic,4.15.0
linux-headers-4.15.0-36,4.15.0
linux-headers-4.15.0-36-generic,4.15.0
linux-headers-4.15.0-39,4.15.0
linux-headers-4.15.0-39-generic,4.15.0
linux-headers-4.15.0-42,4.15.0
linux-headers-4.15.0-42-generic,4.15.0
linux-headers-4.15.0-43,4.15.0
linux-headers-4.15.0-43-generic,4.15.0
linux-headers-generic-hwe-16.04,4.15.0.43.64
linux-hwe-tools-4.15.0-24,4.15.0
linux-image-4.10.0-32-generic,4.10.0
linux-image-4.10.0-33-generic,4.10.0
linux-image-4.10.0-35-generic,4.10.0
linux-image-4.10.0-37-generic,4.10.0
linux-image-4.13.0-32-generic,4.13.0
linux-image-4.13.0-36-generic,4.13.0
linux-image-4.13.0-37-generic,4.13.0
linux-image-4.13.0-38-generic,4.13.0
linux-image-4.13.0-39-generic,4.13.0
linux-image-4.13.0-41-generic,4.13.0
linux-image-4.13.0-45-generic,4.13.0
linux-image-4.15.0-24-generic,4.15.0
linux-image-4.15.0-36-generic,4.15.0
linux-image-4.15.0-39-generic,4.15.0
linux-image-4.15.0-42-generic,4.15.0
linux-image-4.15.0-43-generic,4.15.0
linux-image-4.8.0-36-generic,4.8.0
linux-image-4.8.0-41-generic,4.8.0
linux-image-4.8.0-51-generic,4.8.0
linux-image-4.8.0-52-generic,4.8.0
linux-image-extra-4.10.0-32-generic,4.10.0
linux-image-extra-4.10.0-33-generic,4.10.0
linux-image-extra-4.10.0-35-generic,4.10.0
linux-image-extra-4.10.0-37-generic,4.10.0
linux-image-extra-4.13.0-32-generic,4.13.0
linux-image-extra-4.13.0-36-generic,4.13.0
linux-image-extra-4.13.0-37-generic,4.13.0
linux-image-extra-4.13.0-38-generic,4.13.0
linux-image-extra-4.13.0-39-generic,4.13.0
linux-image-extra-4.13.0-41-generic,4.13.0
linux-image-extra-4.13.0-45-generic,4.13.0
linux-image-extra-4.8.0-36-generic,4.8.0
linux-image-extra-4.8.0-41-generic,4.8.0
linux-image-extra-4.8.0-51-generic,4.8.0
linux-image-extra-4.8.0-52-generic,4.8.0
linux-image-generic-hwe-16.04,4.15.0.43.64
linux-libc-dev:amd64,4.4.0
linux-modules-4.15.0-24-generic,4.15.0
linux-modules-4.15.0-36-generic,4.15.0
linux-modules-4.15.0-39-generic,4.15.0
linux-modules-4.15.0-42-generic,4.15.0
linux-modules-4.15.0-43-generic,4.15.0
linux-modules-extra-4.15.0-24-generic,4.15.0
linux-modules-extra-4.15.0-36-generic,4.15.0
linux-modules-extra-4.15.0-39-generic,4.15.0
linux-modules-extra-4.15.0-42-generic,4.15.0
linux-modules-extra-4.15.0-43-generic,4.15.0
linux-sound-base,1.0.25
linux-tools-4.15.0-24-generic,4.15.0
linux-tools-4.4.0-141,4.4.0
linux-tools-4.4.0-141-generic,4.4.0
linux-tools-common,4.4.0
linux-tools-generic,4.4.0.141.147
locales,2.23
login,4.2
logrotate,3.8.7
lp-solve,5.5.0.13
lsb-base,9.20160110
lsb-release,9.20160110
lshw,02.17
lsof,4.89
ltrace,0.7.3
lua-lpeg:amd64,0.12.2
lua5.1,5.1.5
m17n-db,1.7.0
m4,1.4.17
make,4.1
makedev,2.3.1
man-db,2.7.5
manpages,4.04
manpages-dev,4.04
mawk,1.3.3
media-player-info,22
memtest86+,5.01
mercurial,3.7.3
mercurial-common,3.7.3
mesa-common-dev:amd64,17.2.8
mesa-opencl-icd:amd64,17.2.8
mesa-vdpau-drivers:amd64,17.2.8
metacity-common,3.18.7
mime-support,3.59
minisat,2.2.1
mlocate,0.26
mobile-broadband-provider-info,20140317
modemmanager,1.6.4
mongodb-org,3.2.20
mongodb-org-mongos,3.2.20
mongodb-org-server,3.2.20
mongodb-org-shell,3.2.20
mongodb-org-tools,3.2.20
mount,2.27.1
mountall,2.54
mousetweaks,3.12.0
mpi-default-bin,1.4
mpi-default-dev,1.4
mscompress,0.4
msr-tools,1.3
mtools,4.0.18
mtr-tiny,0.86
multiarch-support,2.23
mysql-common,5.7.25
mythes-en-us,5.1.0
mythes-it,2.0.7.gh.deb1
nano,2.5.3
nasm,2.11.08
nautilus,3.18.4.is.3.14.3
nautilus-data,3.18.4.is.3.14.3
nautilus-sendto,3.8.2
nautilus-share,0.7.3
ncurses-base,6.0
ncurses-bin,6.0
ncurses-term,6.0
ndiff,7.01
net-tools,1.60
netbase,5.3
netcat-openbsd,1.105
netpbm,10.0
network-manager,1.2.6
network-manager-gnome,1.2.6
network-manager-pptp,1.1.93
network-manager-pptp-gnome,1.1.93
nmap,7.01
notify-osd,0.9.35
notify-osd-icons,0.8
ntfs-3g,2015.3.14AR.1
nux-tools,4.0.8
ocaml,4.02.3
ocaml-base,4.02.3
ocaml-base-nox,4.02.3
ocaml-compiler-libs,4.02.3
ocaml-findlib,1.5.5
ocaml-interp,4.02.3
ocaml-native-compilers,4.02.3
ocaml-nox,4.02.3
ocl-icd-libopencl1:amd64,2.2.8
odbcinst,2.3.1
odbcinst1debian2:amd64,2.3.1
onboard,1.2.0
onboard-data,1.2.0
opam,1.2.2
opam-docs,1.2.2
open-vm-tools,10.0.7
open-vm-tools-desktop,10.0.7
open-vm-tools-dkms,10.0.7
openjdk-8-jdk:amd64,8u191
openjdk-8-jdk-headless:amd64,8u191
openjdk-8-jre:amd64,8u191
openjdk-8-jre-headless:amd64,8u191
openmpi-bin,1.10.2
openmpi-common,1.10.2
openoffice.org-hyphenation,0.9
openprinting-ppds,20160212
openssh-client,7.2p2
openssh-server,7.2p2
openssh-sftp-server,7.2p2
openssl,1.0.2g
openvpn,2.3.10
os-prober,1.70
otags,4.02.2
overlay-scrollbar,0.2.17.1
overlay-scrollbar-gtk2:amd64,0.2.17.1
oxideqt-codecs-extra:amd64,1.21.5
p11-kit,0.23.2
p11-kit-modules:amd64,0.23.2
parted,3.2
passwd,4.2
patch,2.7.5
patchutils,0.3.4
pciutils,3.3.1
pcmciautils,018
perl,5.22.1
perl-base,5.22.1
perl-modules-5.22,5.22.1
pinentry-curses,0.9.7
pinentry-gnome3,0.9.7
pkg-config,0.29.1
plainbox-provider-checkbox,0.25
plainbox-provider-resource-generic,0.23
plainbox-secure-policy,0.25
plymouth,0.9.2
plymouth-label,0.9.2
plymouth-theme-ubuntu-logo,0.9.2
plymouth-theme-ubuntu-text,0.9.2
pm-utils,1.4.1
po-debconf,1.0.19
policykit-1,0.105
policykit-1-gnome,0.105
policykit-desktop-privileges,0.20
poppler-data,0.4.7
poppler-utils,0.41.0
popularity-contest,1.64
powermgmt-base,1.31
ppp,2.4.7
pppconfig,2.3.22
pppoeconf,1.21
pptp-linux,1.8.0
printer-driver-brlaser,3
printer-driver-c2esp,27
printer-driver-foo2zjs,20151024dfsg0
printer-driver-foo2zjs-common,20151024dfsg0
printer-driver-gutenprint,5.2.11
printer-driver-hpcups,3.16.3
printer-driver-min12xxw,0.0.9
printer-driver-pnm2ppa,1.13
printer-driver-postscript-hp,3.16.3
printer-driver-ptouch,1.4
printer-driver-pxljr,1.4
printer-driver-sag-gdi,0.1
printer-driver-splix,2.0.0
procps,3.3.10
psmisc,22.21
pulseaudio,8.0
pulseaudio-module-bluetooth,8.0
pulseaudio-module-x11,8.0
pulseaudio-utils,8.0
pyotherside,1.4.0
python,2.7.12
python-all,2.7.12
python-all-dev,2.7.12
python-appindicator,12.10.1
python-apt,1.1.0
python-apt-common,1.1.0
python-asn1crypto,0.22.0
python-attr,15.2.0
python-bs4,4.4.1
python-bzrlib,2.7.0
python-cairo,1.8.8
python-capstone,3.0.4
python-catkin-pkg,0.4.1
python-catkin-pkg-modules,0.4.1
python-cffi-backend,1.10.0
python-chardet,3.0.4
python-configobj,5.0.6
python-crypto,2.6.1
python-cryptography,1.9
python-dateutil,2.4.2
python-dbus,1.2.0
python-dev,2.7.12
python-distorm3,3.3.0
python-docutils,0.12
python-ecdsa,0.13
python-enum34,1.1.2
python-gi,3.20.0
python-glade2,2.24.0
python-gobject,3.20.0
python-gobject-2,2.28.6
python-gpgme,0.3
python-gtk2,2.24.0
python-html5lib,0.999
python-httplib2,0.9.1
python-idna,2.5
python-imaging,3.1.2
python-ipaddress,1.0.17
python-jdcal,1.0
python-keyring,7.3
python-launchpadlib,1.10.3
python-lazr.restfulclient,0.13.4
python-lazr.uri,1.0.3
python-libtorrent,1.0.7
python-lxml,3.5.0
python-matplotlib-data,1.5.1
python-minimal,2.7.12
python-nose,1.3.7
python-notify,0.1.1
python-numpy,1.11.0
python-oauth,1.0.1
python-openpyxl,2.3.0
python-openssl,17.3.0
python-pam,0.4.2
python-paramiko,1.16.0
python-pbr,1.8.0
python-pil:amd64,3.1.2
python-pip,8.1.1
python-pip-whl,8.1.1
python-pkg-resources,33.1.1
python-py,1.4.31
python-pyasn1,0.1.9
python-pyasn1-modules,0.0.7
python-pycurl,7.43.0
python-pyelftools,0.23
python-pygame,1.9.1release
python-pygments,2.1
python-pyopencl-doc,2015.1
python-pyparsing,2.0.3
python-pytest,2.8.7
python-roman,2.0.0
python-rosdistro,0.6.8
python-rosdistro-modules,0.6.8
python-rosinstall,0.7.8
python-rospkg-modules,1.1.4
python-secretstorage,2.1.3
python-serial,3.0.1
python-service-identity,16.0.0
python-setuptools,33.1.1
python-simplejson,3.8.1
python-six,1.11.0
python-stevedore,1.12.0
python-talloc,2.1.5
python-tk,2.7.12
python-twisted,16.0.0
python-twisted-bin,16.0.0
python-twisted-core,16.0.0
python-twisted-web,16.0.0
python-tz,2014.10
python-vcstools,0.1.40
python-virtualenv,15.0.1
python-wadllib,1.3.2
python-wheel,0.29.0
python-wstool,0.1.17
python-xdg,0.25
python-yaml,3.11
python-yara,3.4.0
python-zope.interface,4.3.2
python2.7,2.7.12
python2.7-dev,2.7.12
python2.7-minimal,2.7.12
python3,3.5.1
python3-acme,0.22.2
python3-appdirs,1.4.0
python3-apport,2.20.1
python3-apt,1.1.0
python3-aptdaemon,1.1.1
python3-aptdaemon.gtk3widgets,1.1.1
python3-aptdaemon.pkcompat,1.1.1
python3-asn1crypto,0.22.0
python3-blinker,1.3.dfsg2
python3-brlapi,5.3.1
python3-bs4,4.4.1
python3-cairo,1.10.0
python3-certbot,0.22.2
python3-certifi,2017.4.17
python3-cffi-backend,1.10.0
python3-chardet,3.0.4
python3-checkbox-support,0.22
python3-commandnotfound,0.3
python3-configargparse,0.11.0
python3-configobj,5.0.6
python3-cryptography,1.9
python3-cups,1.9.73
python3-cupshelpers,1.5.7
python3-dbus,1.2.0
python3-debian,0.1.27
python3-decorator,4.0.6
python3-defer,1.0.6
python3-dev,3.5.1
python3-distupgrade,16.04.25
python3-feedparser,5.1.3
python3-funcsigs,0.4
python3-future,0.15.2
python3-gdbm:amd64,3.5.1
python3-gi,3.20.0
python3-gi-cairo,3.20.0
python3-guacamole,0.9.2
python3-html5lib,0.999
python3-httplib2,0.9.1
python3-icu,1.9.2
python3-idna,2.5
python3-jinja2,2.8
python3-josepy,1.0.1
python3-jwt,1.3.0
python3-louis,2.6.4
python3-lxml,3.5.0
python3-mako,1.0.3
python3-markupsafe,0.23
python3-minimal,3.5.1
python3-mock,1.3.0
python3-ndg-httpsclient,0.4.2
python3-numpy,1.11.0
python3-oauthlib,1.0.3
python3-openssl,17.3.0
python3-padme,1.1.1
python3-parsedatetime,2.4
python3-pbr,1.8.0
python3-pexpect,4.0.1
python3-pil:amd64,3.1.2
python3-pip,8.1.1
python3-pkg-resources,33.1.1
python3-plainbox,0.25
python3-problem-report,2.20.1
python3-ptyprocess,0.5
python3-pyasn1,0.1.9
python3-pyatspi,2.18.0
python3-pycurl,7.43.0
python3-pyopencl,2015.1
python3-pyparsing,2.0.3
python3-pytools,2015.1.6
python3-renderpm:amd64,3.3.0
python3-reportlab,3.3.0
python3-reportlab-accel:amd64,3.3.0
python3-requests,2.18.1
python3-rfc3339,1.0
python3-setuptools,33.1.1
python3-six,1.11.0
python3-software-properties,0.96.20.7
python3-speechd,0.8.3
python3-systemd,231
python3-tz,2014.10
python3-uno,5.1.6
python3-update-manager,16.04.12
python3-urllib3,1.21.1
python3-virtualenv,15.0.1
python3-wheel,0.29.0
python3-xdg,0.25
python3-xkit,0.5.0
python3-xlsxwriter,0.7.3
python3-zope.component,4.3.0
python3-zope.event,4.2.0
python3-zope.hookable,4.0.4
python3-zope.interface,4.3.2
python3.5,3.5.2
python3.5-dev,3.5.2
python3.5-minimal,3.5.2
qdbus,4.8.7
qemu,2.5
qemu-block-extra:amd64,2.5
qemu-slof,20151103
qemu-system,2.5
qemu-system-arm,2.5
qemu-system-common,2.5
qemu-system-mips,2.5
qemu-system-misc,2.5
qemu-system-ppc,2.5
qemu-system-sparc,2.5
qemu-system-x86,2.5
qemu-user,2.5
qemu-user-binfmt,2.5
qemu-utils,2.5
qml-module-io-thp-pyotherside:amd64,1.4.0
qml-module-qt-labs-folderlistmodel:amd64,5.5.1
qml-module-qt-labs-settings:amd64,5.5.1
qml-module-qtfeedback:amd64,5.0
qml-module-qtgraphicaleffects:amd64,5.5.1
qml-module-qtquick-layouts:amd64,5.5.1
qml-module-qtquick-window2:amd64,5.5.1
qml-module-qtquick2:amd64,5.5.1
qml-module-qttest:amd64,5.5.1
qml-module-ubuntu-components:amd64,1.3.1918
qml-module-ubuntu-layouts:amd64,1.3.1918
qml-module-ubuntu-onlineaccounts:amd64,0.6
qml-module-ubuntu-performancemetrics:amd64,1.3.1918
qml-module-ubuntu-test:amd64,1.3.1918
qml-module-ubuntu-web:amd64,0.23
qmlscene,5.5.1
qpdf,8.0.2
qt-at-spi:amd64,0.4.0
qt4-linguist-tools,4.8.7
qt4-qmake,4.8.7
qtchooser,52
qtcore4-l10n,4.8.7
qtdeclarative5-accounts-plugin:amd64,0.6
qtdeclarative5-dev-tools,5.5.1
qtdeclarative5-qtquick2-plugin:amd64,5.5.1
qtdeclarative5-test-plugin:amd64,5.5.1
qtdeclarative5-ubuntu-ui-toolkit-plugin,1.3.1918
qtdeclarative5-unity-action-plugin:amd64,1.1.0
qttranslations5-l10n,5.5.1
rake,10.5.0
readline-common,6.3
remmina,1.1.2
remmina-common,1.1.2
remmina-plugin-rdp,1.1.2
remmina-plugin-vnc,1.1.2
rename,0.20
resolvconf,1.78
rfkill,0.5
rhythmbox,3.3
rhythmbox-data,3.3
rhythmbox-plugin-zeitgeist,3.3
rhythmbox-plugins,3.3
rsync,3.1.1
rsyslog,8.16.0
rtkit,0.11
ruby,2.3.0
ruby-did-you-mean,1.0.0
ruby-minitest,5.8.4
ruby-net-telnet,0.1.1
ruby-power-assert,0.2.7
ruby-test-unit,3.1.7
ruby2.3,2.3.1
rubygems-integration,1.10
samba-libs:amd64,4.3.11
sane-utils,1.0.25
sbcl,1.3.1
sbsigntool,0.6
screen-resolution-extra,0.17.1.1
seabios,1.8.2
seahorse,3.18.0
secureboot-db,1.1
sed,4.2.2
sensible-utils,0.0.9
session-migration,0.2.3
session-shortcuts,1.2
sessioninstaller,0.20
sgml-base,1.26
shared-mime-info,1.5
sharutils,4.15.2
shotwell,0.22.0
shotwell-common,0.22.0
signon-keyring-extension,0.6
signon-plugin-oauth2,0.23
signon-plugin-password,8.58
signon-ui,0.17
signon-ui-service,0.17
signon-ui-x11,0.17
signond,8.58
simple-scan,3.20.0
snap-confine,2.24.1
snapd,2.29.4.2
snapd-login-service,1.13
sni-qt:amd64,0.2.7
socat,1.7.3.1
software-properties-common,0.96.20.7
software-properties-gtk,0.96.20.7
sound-theme-freedesktop,0.8
speech-dispatcher,0.8.3
speech-dispatcher-audio-plugins:amd64,0.8.3
sqlite3,3.11.0
squashfs-tools,4.3
ssh-import-id,5.5
ssl-cert,1.0.37
strace,4.11
subversion,1.9.3
sudo,1.8.16
suru-icon-theme,14.04
syslinux,6.03
syslinux-common,6.03
syslinux-legacy,3.63
system-config-printer-common,1.5.7
system-config-printer-gnome,1.5.7
system-config-printer-udev,1.5.7
systemd,229
systemd-sysv,229
sysv-rc,2.88dsf
sysvinit-utils,2.88dsf
t1utils,1.39
tango-icon-theme,0.8.90
tar,1.28
tcl,8.6.0
tcl8.6,8.6.5
tcpd,7.6.q
tcpdump,4.9.2
telnet,0.17
thermald,1.5
thunderbird,60.4.0
thunderbird-gnome-support,60.4.0
thunderbird-locale-en,60.4.0
thunderbird-locale-en-us,60.4.0
thunderbird-locale-it,60.4.0
time,1.7
tk,8.6.0
tk8.6,8.6.5
tk8.6-blt2.5,2.5.3
tmux,2.1
toshset,1.76
totem,3.18.1
totem-common,3.18.1
totem-plugins,3.18.1
transmission-common,2.84
transmission-gtk,2.84
tree,1.7.0
ttf-ancient-fonts-symbola,2.59
ttf-bitstream-vera,1.10
ttf-ubuntu-font-family,0.83
tzdata,2018i
ubuntu-artwork,14.04
ubuntu-core-launcher,2.29.4.2
ubuntu-desktop,1.361.1
ubuntu-docs,16.04.4
ubuntu-drivers-common,0.4.17.7
ubuntu-keyring,2012.05.19
ubuntu-minimal,1.361.1
ubuntu-mobile-icons,14.04
ubuntu-mono,14.04
ubuntu-release-upgrader-core,16.04.25
ubuntu-release-upgrader-gtk,16.04.25
ubuntu-restricted-addons,23
ubuntu-session,3.18.1.2
ubuntu-settings,15.10.8
ubuntu-software,3.20.5
ubuntu-sounds,0.13
ubuntu-standard,1.361.1
ubuntu-system-service,0.3
ubuntu-touch-sounds,15.08
ubuntu-ui-toolkit-theme,1.3.1918
ubuntu-wallpapers,16.04.1
ubuntu-wallpapers-xenial,16.04.1
ucf,3.0036
ucspi-tcp,0.88
udev,229
udisks2,2.1.7
ufw,0.35
unattended-upgrades,0.90
unity,7.4.5
unity-accessibility-profiles,0.1.10
unity-asset-pool,0.8.24
unity-control-center,15.04.0
unity-control-center-faces,15.04.0
unity-control-center-signon,0.1.8
unity-greeter,16.04.2
unity-gtk-module-common,0.0.0
unity-gtk2-module:amd64,0.0.0
unity-gtk3-module:amd64,0.0.0
unity-lens-applications,7.1.0
unity-lens-files,7.1.0
unity-lens-music,6.9.1
unity-lens-photos,1.0
unity-lens-video,0.3.15
unity-schemas,7.4.5
unity-scope-calculator,0.1
unity-scope-chromiumbookmarks,0.1
unity-scope-colourlovers,0.1
unity-scope-devhelp,0.1
unity-scope-firefoxbookmarks,0.1
unity-scope-gdrive,0.9
unity-scope-home,6.8.2
unity-scope-manpages,3.0
unity-scope-openclipart,0.1
unity-scope-texdoc,0.1
unity-scope-tomboy,0.1
unity-scope-video-remote,0.3.15
unity-scope-virtualbox,0.1
unity-scope-yelp,0.1
unity-scope-zotero,0.1
unity-scopes-master-default,6.8.2
unity-scopes-runner,7.1.4
unity-services,7.4.5
unity-settings-daemon,15.04.1
unity-webapps-common,2.4.17
unity-webapps-qml,0.1
unity-webapps-service,2.5.0
unixodbc,2.3.1
unixodbc-dev,2.3.1
uno-libs3,5.1.6
unzip,6.0
update-inetd,4.43
update-manager,16.04.12
update-manager-core,16.04.12
update-notifier,3.168.8
update-notifier-common,3.168.8
upower,0.99.4
upstart,1.13.2
ure,5.1.6
ureadahead,0.100.0
usb-creator-common,0.3.2
usb-creator-gtk,0.3.2
usb-modeswitch,2.2.5
usb-modeswitch-data,20151101
usbmuxd,1.1.0
usbutils,007
util-linux,2.27.1
uuid-runtime,2.27.1
va-driver-all:amd64,1.7.0
vbetool,1.1
vdpau-driver-all:amd64,1.1.1
vdpau-va-driver:amd64,0.7.4
vim,7.4.1689
vim-common,7.4.1689
vim-runtime,7.4.1689
vim-tiny,7.4.1689
vino,3.8.1
virtualenv,15.0.1
virtualenv-clone,0.2.5
virtualenvwrapper,4.3.1
volatility,2.5
volatility-tools,2.5
wamerican,7.1
wbritish,7.1
webapp-container,0.23
webbrowser-app,0.23
wget,1.17.1
whiptail,0.52.18
whoopsie,0.2.52.5
whoopsie-preferences,0.18
wireless-regdb,2015.07.20
wireless-tools,30
wireshark,2.6.6
wireshark-common,2.6.6
wireshark-gtk,2.6.6
wireshark-qt,2.6.6
witalian,1.7.6
wpasupplicant,2.4
x11-apps,7.7
x11-common,7.7
x11-session-utils,7.7
x11-utils,7.7
x11-xkb-utils,7.7
x11-xserver-utils,7.7
x11proto-core-dev,7.0.31
x11proto-damage-dev,1.2.1
x11proto-dri2-dev,2.8
x11proto-fixes-dev,5.0
x11proto-gl-dev,1.4.17
x11proto-input-dev,2.3.1
x11proto-kb-dev,1.0.7
x11proto-record-dev,1.14.2
x11proto-xext-dev,7.3.0
x11proto-xf86vidmode-dev,2.3.1
xauth,1.0.9
xbitmaps,1.1.1
xbrlapi,5.3.1
xclip,0.12
xcursor-themes,1.0.4
xdg-user-dirs,0.15
xdg-user-dirs-gtk,0.10
xdg-utils,1.1.1
xdiagnose,3.8.4.1
xfonts-base,1.0.4
xfonts-encodings,1.0.4
xfonts-scalable,1.0.3
xfonts-utils,7.7
xinit,1.3.4
xinput,1.6.2
xkb-data,2.16
xml-core,0.13
xorg,7.7
xorg-docs-core,1.7.1
xorg-sgml-doctools,1.11
xserver-common,1.18.4
xserver-xorg-core-hwe-16.04,1.19.6
xserver-xorg-hwe-16.04,7.7
xserver-xorg-input-all-hwe-16.04,7.7
xserver-xorg-input-evdev-hwe-16.04,2.10.5
xserver-xorg-input-synaptics-hwe-16.04,1.9.0
xserver-xorg-input-wacom-hwe-16.04,0.34.0
xserver-xorg-legacy-hwe-16.04,1.19.6
xserver-xorg-video-all-hwe-16.04,7.7
xserver-xorg-video-amdgpu-hwe-16.04,1.4.0
xserver-xorg-video-ati-hwe-16.04,7.10.0
xserver-xorg-video-fbdev-hwe-16.04,0.4.4
xserver-xorg-video-intel-hwe-16.04,2.99.917
xserver-xorg-video-nouveau-hwe-16.04,1.0.15
xserver-xorg-video-qxl-hwe-16.04,0.1.5
xserver-xorg-video-radeon-hwe-16.04,7.10.0
xserver-xorg-video-vesa-hwe-16.04,2.3.4
xserver-xorg-video-vmware-hwe-16.04,13.2.1
xterm,322
xtrans-dev,1.3.5
xul-ext-ubufox,3.4
xz-utils,5.1.1alpha
yelp,3.18.1
yelp-xsl,3.18.1
zeitgeist-core,0.9.16
zeitgeist-datahub,0.9.16
zenity,3.18.1.1
zenity-common,3.18.1.1
zerofree,1.0.3
zip,3.0
zlib1g:amd64,1.2.8.dfsg
zlib1g-dev:amd64,1.2.8.dfsg
zsh,5.1.1
zsh-common,5.1.1